first_pokemon,second_pokemon,winner
Larvitar,Nuzleaf,Nuzleaf
Virizion,Terrakion,Terrakion
Togetic,Beheeyem,Beheeyem
Slugma,Druddigon,Druddigon
Omastar,Shuckle,Omastar
Joltik,Aegislash Shield Forme,Joltik
Natu,Jynx,Jynx
Machop,Giratina Altered Forme,Giratina Altered Forme
Pineco,Clauncher,Clauncher
Wingull,Pikachu,Pikachu
Starly,Staryu,Staryu
Terrakion,Yamask,Terrakion
Metapod,Swampert,Swampert
Omastar,Slowbro,Omastar
Mega Tyranitar,Mothim,Mega Tyranitar
Clauncher,Kricketune,Kricketune
Lapras,Raikou,Raikou
Swablu,Piloswine,Piloswine
Mega Lucario,Carbink,Mega Lucario
Samurott,Musharna,Samurott
Prinplup,Bisharp,Bisharp
Whiscash,Empoleon,Empoleon
Frillish,Chandelure,Chandelure
Rhydon,Mega Camerupt,Rhydon
Petilil,Emolga,Emolga
Lugia,Zekrom,Lugia
Wormadam Sandy Cloak,Stoutland,Stoutland
Tirtouga,Tyrunt,Tyrunt
Tauros,Luxray,Tauros
Durant,Meowstic Male,Durant
Rampardos,Manaphy,Manaphy
Ledian,Swellow,Swellow
Sunflora,Crobat,Crobat
Fan Rotom,Swablu,Fan Rotom
Magby,Armaldo,Armaldo
Gastrodon,Mega Tyranitar,Mega Tyranitar
Scraggy,Zigzagoon,Zigzagoon
Luvdisc,Jynx,Luvdisc
Mega Audino,Drapion,Drapion
Patrat,Remoraid,Remoraid
Pidove,Remoraid,Remoraid
Azumarill,Chespin,Azumarill
Baltoy,Electabuzz,Baltoy
Bellsprout,Empoleon,Empoleon
Elgyem,Vanillish,Vanillish
Buneary,Sealeo,Buneary
Venusaur,Pyroar,Pyroar
Torterra,Jigglypuff,Torterra
Shuckle,Vaporeon,Vaporeon
Snover,Keldeo Resolute Forme,Keldeo Resolute Forme
Shieldon,Magby,Magby
Mega Mewtwo X,Aegislash Blade Forme,Aegislash Blade Forme
Groudon,Aromatisse,Groudon
Smoochum,Phantump,Smoochum
Trapinch,Sunflora,Sunflora
Braixen,Vanilluxe,Vanilluxe
Castform,Heat Rotom,Heat Rotom
Spewpa,Fraxure,Fraxure
Gyarados,Chesnaught,Gyarados
Delibird,Skiddo,Delibird
Mantyke,Unown,Mantyke
Zoroark,Ninetales,Zoroark
Conkeldurr,Chespin,Conkeldurr
  Scolipede  ,Nidoking,  Scolipede  
Zangoose,Seismitoad,Zangoose
Espurr,Roggenrola,Espurr
Mega Sharpedo,Pichu,Mega Sharpedo
Pelipper,Bellossom,Pelipper
Meganium,Terrakion,Terrakion
Purrloin,Hitmonlee,Hitmonlee
Shuckle,Typhlosion,Typhlosion
Alakazam,Prinplup,Alakazam
Ferroseed,Lilligant,Lilligant
Liepard,Serperior,Serperior
Kyurem Black Kyurem,Nidoking,Kyurem Black Kyurem
Luxray,Wailord,Luxray
Klink,Dewgong,Dewgong
Azelf,Mega Venusaur,Azelf
Staryu,Loudred,Staryu
Mega Kangaskhan,Latias,Latias
Masquerain,Mega Sceptile,Mega Sceptile
Pidove,Sandile,Sandile
Meloetta Aria Forme,Tentacruel,Tentacruel
Chingling,Frost Rotom,Frost Rotom
Baltoy,Nidoqueen,Nidoqueen
Charmeleon,Mega Sableye,Mega Sableye
Volbeat,Moltres,Moltres
Mantyke,Simisear,Simisear
Giratina Origin Forme,Dusknoir,Giratina Origin Forme
Bronzong,Scizor,Scizor
Pawniard,Umbreon,Umbreon
Ralts,Shuppet,Shuppet
Magnezone,Talonflame,Talonflame
Dragonair,Inkay,Dragonair
Omanyte,Suicune,Suicune
Chimchar,Terrakion,Terrakion
Forretress,Suicune,Suicune
Chimchar,Leavanny,Leavanny
Remoraid,Swablu,Remoraid
Noivern,Phanpy,Noivern
Cottonee,Lombre,Cottonee
Piplup,Yanma,Yanma
Joltik,Trapinch,Joltik
Chimchar,Nidoking,Nidoking
Skitty,Shelgon,Shelgon
Ambipom,Magnemite,Ambipom
Alakazam,Goodra,Alakazam
Zubat,Darumaka,Zubat
Charmander,Lampent,Charmander
Xerneas,Slaking,Slaking
Flaaffy,Wormadam Trash Cloak,Flaaffy
Gabite,Stoutland,Gabite
Sealeo,Plusle,Plusle
63,Seedot,63
Dialga,Bibarel,Dialga
Gyarados,Kabuto,Gyarados
Venonat,Hitmonlee,Hitmonlee
Lileep,Dragonair,Dragonair
Steelix,Ninjask,Ninjask
Breloom,Mega Glalie,Mega Glalie
Nuzleaf,Nidoran♀,Nuzleaf
Torkoal,Mr. Mime,Torkoal
Mega Gengar,Lunatone,Mega Gengar
Drapion,Roserade,Drapion
Sawk,Seismitoad,Sawk
Bidoof,Jigglypuff,Bidoof
Trapinch,Phione,Phione
Pelipper,Scyther,Scyther
Vileplume,Aron,Vileplume
Quilava,Pignite,Quilava
Malamar,Seaking,Malamar
Charmeleon,Smeargle,Charmeleon
Larvesta,Aerodactyl,Aerodactyl
Doduo,Spiritomb,Spiritomb
Armaldo,Machop,Armaldo
Camerupt,Ho-oh,Ho-oh
Girafarig,Oddish,Girafarig
Litleo,Delibird,Delibird
Druddigon,Mantine,Mantine
Heat Rotom,Budew,Heat Rotom
Azumarill,Swoobat,Swoobat
Huntail,Gothita,Huntail
Diglett,Oshawott,Oshawott
Venonat,Weezing,Weezing
Archeops,Gyarados,Archeops
Cresselia,Phantump,Cresselia
Anorith,Cresselia,Cresselia
Bagon,Mega Gardevoir,Mega Gardevoir
Kabutops,Pignite,Kabutops
Gardevoir,Tyranitar,Gardevoir
Magnemite,Feebas,Magnemite
Venonat,Raichu,Raichu
Typhlosion,Furfrou,Furfrou
Butterfree,Electrode,Electrode
Mow Rotom,Spewpa,Mow Rotom
Combusken,Seel,Combusken
Minun,Swanna,Swanna
Torterra,Mega Mewtwo Y,Mega Mewtwo Y
Gothitelle,Vullaby,Vullaby
Spewpa,Genesect,Genesect
Nuzleaf,Pumpkaboo Average Size,Nuzleaf
Clefable,Cubone,Clefable
Muk,Ninjask,Muk
Regice,Glalie,Glalie
Stunky,Sealeo,Stunky
Sceptile,Mega Aerodactyl,Mega Aerodactyl
Aerodactyl,Wormadam Trash Cloak,Aerodactyl
Masquerain,Mega Venusaur,Mega Venusaur
Mesprit,Arbok,Arbok
Giratina Altered Forme,Larvitar,Giratina Altered Forme
Swampert,Mega Manectric,Mega Manectric
Heracross,Stantler,Stantler
Castform,Mega Rayquaza,Mega Rayquaza
Dragonair,Pumpkaboo Average Size,Dragonair
Munchlax,Latios,Munchlax
Tyranitar,Moltres,Moltres
Drifloon,Timburr,Drifloon
Darkrai,Buneary,Darkrai
Marill,Gourgeist Average Size,Gourgeist Average Size
Kecleon,Talonflame,Talonflame
Mime Jr.,Ampharos,Mime Jr.
Arbok,Woobat,Arbok
Nidorina,Garchomp,Garchomp
Weavile,Crobat,Crobat
Seaking,Hypno,Seaking
Charmeleon,Venipede,Charmeleon
Pinsir,Nincada,Pinsir
Golem,Mantyke,Mantyke
Boldore,Wash Rotom,Boldore
Pancham,Dugtrio,Dugtrio
Pineco,Braixen,Braixen
Clawitzer,Eelektrik,Clawitzer
Zekrom,Piplup,Zekrom
Fearow,Giratina Altered Forme,Giratina Altered Forme
Pidgeot,Diancie,Pidgeot
Larvesta,Jolteon,Jolteon
Gardevoir,Cinccino,Cinccino
Zapdos,Eelektross,Zapdos
Venomoth,Doublade,Doublade
Weavile,Piplup,Weavile
Amaura,Entei,Entei
Heracross,Mega Lucario,Mega Lucario
Pidgeot,Sigilyph,Pidgeot
Muk,Kingdra,Kingdra
Nosepass,Regigigas,Regigigas
Tangrowth,Squirtle,Tangrowth
Gigalith,Wormadam Trash Cloak,Wormadam Trash Cloak
Phantump,Sharpedo,Sharpedo
Litwick,Snubbull,Snubbull
Sigilyph,Parasect,Sigilyph
Uxie,Genesect,Genesect
Infernape,Remoraid,Infernape
Glaceon,Binacle,Glaceon
Caterpie,Mega Gengar,Mega Gengar
Lileep,Kabuto,Kabuto
Mismagius,Vibrava,Mismagius
Pinsir,Larvesta,Pinsir
Camerupt,Floette,Floette
Mega Heracross,Golett,Golett
Beautifly,Whirlipede,Beautifly
Grimer,Entei,Entei
Fletchling,Pinsir,Pinsir
Seaking,Pangoro,Seaking
Basculin,Krabby,Basculin
Meowth,Emboar,Emboar
Galvantula,Vaporeon,Galvantula
Cofagrigus,Spritzee,Cofagrigus
Gliscor,Spearow,Gliscor
Yveltal,Drifblim,Yveltal
Swablu,Tropius,Tropius
Mega Audino,Boldore,Mega Audino
Mega Abomasnow,Gigalith,Mega Abomasnow
Porygon-Z,Groudon,Groudon
Kadabra,Shieldon,Kadabra
Azelf,Linoone,Azelf
Swalot,Duskull,Swalot
Rufflet,Goldeen,Goldeen
Quagsire,Terrakion,Terrakion
Medicham,Kecleon,Medicham
Gurdurr,Tentacruel,Tentacruel
Gourgeist Average Size,Chatot,Chatot
Primal Groudon,Surskit,Primal Groudon
Spearow,Fletchinder,Fletchinder
Wormadam Plant Cloak,Spheal,Wormadam Plant Cloak
Mega Latios,Garchomp,Mega Latios
Musharna,Tyrantrum,Tyrantrum
63,Graveler,63
Hitmontop,Forretress,Hitmontop
Mega Venusaur,Omanyte,Mega Venusaur
Giratina Origin Forme,Aggron,Giratina Origin Forme
Surskit,Regigigas,Regigigas
Umbreon,Starly,Umbreon
Panpour,Wingull,Wingull
Yanma,Vanillish,Yanma
Doduo,Tyrantrum,Doduo
Hitmonchan,Axew,Hitmonchan
Mr. Mime,Abra,Abra
Stoutland,Snorunt,Stoutland
Vanillite,Wobbuffet,Vanillite
Makuhita,Mewtwo,Mewtwo
Weedle,Mega Mewtwo X,Mega Mewtwo X
Keldeo Resolute Forme,Togepi,Keldeo Resolute Forme
Vileplume,Dugtrio,Vileplume
Slugma,Kricketune,Kricketune
Tranquill,Beartic,Tranquill
Bergmite,Frogadier,Frogadier
Latios,Genesect,Latios
Golem,Mega Lucario,Mega Lucario
Porygon-Z,Moltres,Moltres
Hitmonlee,Diglett,Diglett
Grumpig,Gothita,Grumpig
Venonat,Rotom,Rotom
Wash Rotom,Hoopa Confined,Wash Rotom
Tyrantrum,Noctowl,Tyrantrum
Seel,Delphox,Delphox
Zygarde Half Forme,Monferno,Zygarde Half Forme
Vigoroth,Deoxys Speed Forme,Deoxys Speed Forme
Kirlia,Phanpy,Kirlia
Mega Tyranitar,Wurmple,Mega Tyranitar
Timburr,Scatterbug,Scatterbug
Stoutland,Jirachi,Jirachi
Silcoon,Zigzagoon,Zigzagoon
Dragalge,Scatterbug,Dragalge
Unown,Gastly,Gastly
Beheeyem,Slowbro,Beheeyem
Mega Mewtwo Y,Oddish,Mega Mewtwo Y
Tangela,Sylveon,Sylveon
Miltank,Aerodactyl,Aerodactyl
Mega Steelix,Duosion,Duosion
Vigoroth,Mega Gengar,Mega Gengar
Hypno,Toxicroak,Toxicroak
Roserade,Krookodile,Krookodile
Krabby,Golbat,Golbat
Fennekin,Excadrill,Excadrill
Pignite,Deoxys Defense Forme,Deoxys Defense Forme
Gyarados,Greninja,Greninja
Chatot,Swinub,Chatot
Chatot,Mega Manectric,Mega Manectric
Whiscash,Goldeen,Goldeen
Venusaur,Fletchling,Venusaur
Skorupi,  Farfetch'd  ,Skorupi
Keldeo Ordinary Forme,Onix,Keldeo Ordinary Forme
Gourgeist Super Size,Mega Sceptile,Mega Sceptile
Wormadam Plant Cloak,Butterfree,Butterfree
Deoxys Speed Forme,Lapras,Deoxys Speed Forme
Delphox,Ivysaur,Delphox
Sawsbuck,Heat Rotom,Sawsbuck
Kingdra,Spoink,Kingdra
Mega Aerodactyl,Piplup,Mega Aerodactyl
Kricketot,Mega Beedrill,Mega Beedrill
Altaria,Solrock,Altaria
Mega Medicham,Aurorus,Mega Medicham
Grumpig,Helioptile,Grumpig
Bellossom,Electrode,Bellossom
Kabuto,Barbaracle,Barbaracle
Mega Mewtwo X,Munna,Mega Mewtwo X
Croconaw,Vanilluxe,Vanilluxe
Infernape,Persian,Persian
Krookodile,Staravia,Krookodile
Bergmite,Seadra,Seadra
Croagunk,Mega Latios,Mega Latios
Watchog,Murkrow,Murkrow
Zapdos,Cinccino,Cinccino
Shuppet,Pidgey,Pidgey
Shelgon,Gorebyss,Gorebyss
Sharpedo,Prinplup,Sharpedo
Mega Salamence,Lombre,Mega Salamence
Golem,Purrloin,Purrloin
Mega Houndoom,Beldum,Mega Houndoom
Totodile,Petilil,Totodile
Aurorus,Simisage,Simisage
Vileplume,Drifloon,Drifloon
Budew,Hypno,Hypno
Darkrai,Amaura,Darkrai
Mamoswine,Florges,Mamoswine
Vespiquen,Dragalge,Dragalge
Jolteon,Hoopa Confined,Hoopa Confined
Simisage,Jigglypuff,Simisage
Purrloin,Skiddo,Purrloin
Xatu,Fearow,Fearow
Houndour,Bidoof,Houndour
Abomasnow,Mega Blaziken,Mega Blaziken
Torterra,Ninetales,Ninetales
Yveltal,Spinda,Yveltal
Ampharos,Malamar,Malamar
Shellos,Mega Salamence,Mega Salamence
Garbodor,Mega Mewtwo X,Mega Mewtwo X
Luxray,Avalugg,Luxray
Quagsire,Starly,Starly
Dedenne,Blitzle,Dedenne
Huntail,Persian,Persian
Walrein,Metagross,Metagross
Qwilfish,Accelgor,Accelgor
Spritzee,Ampharos,Ampharos
Musharna,  Grotle  ,  Grotle  
Wooper,Nidoking,Nidoking
Nidoran♂,Meloetta Aria Forme,Meloetta Aria Forme
Kakuna,Burmy,Burmy
Uxie,Gogoat,Uxie
Virizion,Carracosta,Virizion
Huntail,Metang,Huntail
Tangrowth,Magmar,Magmar
Pachirisu,Magnemite,Pachirisu
Toxicroak,Skorupi,Toxicroak
Sewaddle,Vanillite,Vanillite
Wormadam Plant Cloak,Ponyta,Ponyta
Phione,Mamoswine,Mamoswine
Reshiram,Yanmega,Yanmega
Caterpie,Mankey,Mankey
Bunnelby,Hippowdon,Bunnelby
Spinarak,Skarmory,Skarmory
Skiddo,Lickitung,Skiddo
Ekans,Deoxys Defense Forme,Deoxys Defense Forme
Chespin,Simisear,Simisear
Yanma,Mega Lopunny,Mega Lopunny
Gible,Nidoqueen,Nidoqueen
Primal Groudon,Vulpix,Primal Groudon
Sunkern,Mega Swampert,Mega Swampert
Honedge,Mega Abomasnow,Mega Abomasnow
Mesprit,Kabutops,Kabutops
Kabuto,Moltres,Moltres
Flabébé,Kakuna,Flabébé
Spinarak,Pidove,Pidove
Abra,Wingull,Abra
Totodile,Kyurem White Kyurem,Kyurem White Kyurem
Mime Jr.,Marill,Mime Jr.
Druddigon,Carnivine,Druddigon
Ivysaur,Dwebble,Ivysaur
Vivillon,Smeargle,Vivillon
Kadabra,Volcanion,Kadabra
Rhyhorn,Poliwhirl,Poliwhirl
Flabébé,Lilligant,Lilligant
Poliwrath,Glalie,Glalie
Azelf,Keldeo Ordinary Forme,Azelf
Crobat,Mega Ampharos,Crobat
Munna,Meowth,Meowth
Doublade,Ekans,Ekans
Tropius,Duosion,Tropius
Quagsire,Pyroar,Quagsire
Mothim,Durant,Durant
Mega Medicham,Jolteon,Jolteon
Wormadam Plant Cloak,Vanillite,Vanillite
Darumaka,Foongus,Darumaka
Gourgeist Small Size,Ledyba,Gourgeist Small Size
Houndour,Gurdurr,Gurdurr
Fan Rotom,Quilladin,Fan Rotom
Diggersby,Gigalith,Gigalith
Keldeo Resolute Forme,Tentacruel,Keldeo Resolute Forme
Rhyperior,Florges,Rhyperior
Prinplup,Mamoswine,Mamoswine
Croconaw,Mega Salamence,Mega Salamence
Minccino,Groudon,Groudon
Donphan,Mega Diancie,Mega Diancie
Shedinja,Lotad,Shedinja
Combee,Avalugg,Avalugg
Aurorus,Charizard,Charizard
Electrode,Pumpkaboo Large Size,Electrode
Cranidos,Cherrim,Cherrim
Corsola,Fletchinder,Corsola
Bouffalant,Togepi,Bouffalant
Ho-oh,Pidgey,Ho-oh
Flabébé,Bergmite,Flabébé
Lopunny,Gligar,Lopunny
Simisear,Swampert,Simisear
Scraggy,Shaymin Land Forme,Shaymin Land Forme
Braixen,Darmanitan Zen Mode,Braixen
Bulbasaur,Accelgor,Accelgor
Conkeldurr,Starmie,Conkeldurr
Turtwig,Manectric,Manectric
Houndour,Budew,Houndour
Beedrill,Landorus Incarnate Forme,Landorus Incarnate Forme
Mega Salamence,Combusken,Mega Salamence
Mega Gengar,Mega Gyarados,Mega Gengar
Nidoqueen,Mega Medicham,Mega Medicham
Roserade,Ekans,Roserade
Machop,Cubone,Cubone
Corphish,Slowbro,Corphish
Minccino,Pumpkaboo Super Size,Pumpkaboo Super Size
Mienfoo,Avalugg,Mienfoo
Ledian,Helioptile,Ledian
Roggenrola,Lucario,Lucario
Gigalith,Excadrill,Excadrill
Talonflame,Bulbasaur,Talonflame
Mismagius,Gliscor,Mismagius
Spewpa,Beedrill,Beedrill
Minccino,Carvanha,Minccino
Herdier,Swirlix,Herdier
Camerupt,Graveler,Camerupt
Registeel,Pumpkaboo Large Size,Registeel
Latios,Rapidash,Latios
Lilligant,Slowking,Lilligant
Mega Sharpedo,Dratini,Mega Sharpedo
Chansey,Swoobat,Swoobat
Moltres,Weepinbell,Moltres
Mega Glalie,Seismitoad,Mega Glalie
Taillow,Tornadus Therian Forme,Tornadus Therian Forme
Lumineon,Dustox,Lumineon
Clauncher,Golurk,Golurk
Jirachi,Hoppip,Jirachi
Mantyke,Marill,Mantyke
Hypno,Mega Audino,Hypno
Darkrai,Mega Absol,Darkrai
Shroomish,Golbat,Golbat
Tentacruel,Slaking,Slaking
Combee,Hoppip,Combee
Skuntank,Mega Charizard Y,Mega Charizard Y
Cobalion,Oddish,Cobalion
Monferno,Heat Rotom,Heat Rotom
Machop,Bronzor,Machop
Carracosta,Slaking,Slaking
Misdreavus,Joltik,Misdreavus
Horsea,Darmanitan Zen Mode,Horsea
Zorua,Reshiram,Reshiram
Mandibuzz,Aron,Mandibuzz
Wartortle,Masquerain,Masquerain
Stunky,Pidgeotto,Stunky
Eelektrik,Cyndaquil,Cyndaquil
Azelf,Mega Medicham,Azelf
Nidorino,Shiftry,Shiftry
Skrelp,Dragalge,Dragalge
Empoleon,Bulbasaur,Empoleon
  Grotle  ,Pinsir,Pinsir
Cobalion,Turtwig,Cobalion
Paras,Cradily,Cradily
Zapdos,Quilava,Zapdos
Amaura,Corphish,Amaura
Bergmite,Braviary,Braviary
Absol,Smeargle,Smeargle
Mega Gardevoir,Skiddo,Mega Gardevoir
Mega Gallade,Gible,Mega Gallade
Espeon,Mega Pidgeot,Mega Pidgeot
Cloyster,Totodile,Cloyster
Meowth,Porygon2,Meowth
Snubbull,Wurmple,Snubbull
Swablu,Petilil,Swablu
Salamence,Rotom,Salamence
Deerling,Lotad,Deerling
Metapod,Slurpuff,Slurpuff
Ampharos,Carbink,Ampharos
Suicune,Poliwrath,Suicune
Patrat,Honedge,Honedge
Doublade,Houndoom,Houndoom
Mega Gyarados,Krabby,Mega Gyarados
Mega Rayquaza,Gorebyss,Mega Rayquaza
Cranidos,Wingull,Wingull
Azurill,Simisear,Simisear
Blissey,Poliwhirl,Poliwhirl
Landorus Therian Forme,  Grotle  ,Landorus Therian Forme
Beautifly,Eelektross,Beautifly
Mega Heracross,Bidoof,Mega Heracross
Horsea,Garchomp,Garchomp
Donphan,Kingler,Kingler
Abra,Espeon,Espeon
Rhyhorn,Minun,Rhyhorn
Steelix,Totodile,Totodile
Deino,Seel,Seel
Axew,Mega Camerupt,Axew
Salamence,Stantler,Salamence
Flaaffy,Cottonee,Cottonee
Mega Gallade,Sableye,Sableye
Seadra,Geodude,Seadra
Larvesta,Medicham,Medicham
Kyogre,Thundurus Incarnate Forme,Thundurus Incarnate Forme
Deoxys Speed Forme,Glalie,Deoxys Speed Forme
Salamence,Baltoy,Salamence
Blitzle,Groudon,Groudon
Yanmega,Tyranitar,Yanmega
Ralts,Zekrom,Zekrom
Kecleon,Gible,Gible
Emboar,Kadabra,Emboar
Giratina Altered Forme,Porygon,Porygon
Poliwrath,Flygon,Flygon
Axew,Talonflame,Talonflame
Zorua,Caterpie,Zorua
Reuniclus,Plusle,Plusle
Swablu,Jirachi,Jirachi
Gurdurr,Primal Groudon,Primal Groudon
Clawitzer,Probopass,Clawitzer
Glalie,Dragonair,Glalie
Exeggcute,Lampent,Lampent
Girafarig,Flabébé,Girafarig
Shelgon,Deerling,Deerling
Rhyperior,Krabby,Krabby
Scrafty,Litleo,Litleo
Espeon,Goldeen,Espeon
Golurk,Sawsbuck,Sawsbuck
Luvdisc,Latios,Latios
Hippowdon,Rufflet,Rufflet
Heat Rotom,Quagsire,Heat Rotom
Metagross,Tranquill,Metagross
Machoke,Torchic,Torchic
Wormadam Sandy Cloak,Kyurem White Kyurem,Kyurem White Kyurem
Luxio,Mega Charizard X,Mega Charizard X
Baltoy,Ampharos,Ampharos
Cascoon,Snover,Snover
Marshtomp,Lanturn,Marshtomp
Castform,Volcarona,Volcarona
Lombre,Skiddo,Skiddo
Gulpin,Avalugg,Gulpin
Mega Tyranitar,Pichu,Mega Tyranitar
Jigglypuff,Azurill,Azurill
Magnemite,Klefki,Klefki
Omastar,Magcargo,Omastar
Carbink,Elgyem,Carbink
Larvitar,Swellow,Swellow
Swadloon,Crawdaunt,Crawdaunt
Pikachu,Chatot,Chatot
Doduo,Spinarak,Doduo
Swoobat,Dusclops,Swoobat
Lopunny,  Grotle  ,Lopunny
Trapinch,Rayquaza,Rayquaza
Haunter,Pidgey,Pidgey
Pupitar,Spinarak,Pupitar
Mantine,Mega Alakazam,Mega Alakazam
Squirtle,Weedle,Weedle
Electrode,Primal Groudon,Primal Groudon
Delibird,Furret,Furret
Yanma,Pachirisu,Pachirisu
Klefki,Barbaracle,Klefki
Natu,Chesnaught,Natu
Mega Manectric,Electrode,Electrode
Snivy,Staravia,Staravia
Uxie,Graveler,Uxie
Tangela,  Grotle  ,Tangela
Palpitoad,Carracosta,Palpitoad
Salamence,Diglett,Salamence
Burmy,Swellow,Swellow
Arcanine,Vanillite,Arcanine
Roggenrola,Loudred,Loudred
Blissey,Wooper,Wooper
Hitmonchan,Gible,Hitmonchan
Machamp,Glameow,Glameow
Nidoran♂,Wingull,Wingull
Doublade,Alomomola,Alomomola
Roserade,Croconaw,Roserade
Crawdaunt,Mantyke,Crawdaunt
Noibat,Hoppip,Noibat
Darmanitan Zen Mode,Larvitar,Darmanitan Zen Mode
Glameow,Dialga,Dialga
Primal Groudon,Doublade,Primal Groudon
Skitty,Mega Sceptile,Mega Sceptile
Kecleon,Articuno,Articuno
Aron,Sawsbuck,Sawsbuck
Lillipup,Sandslash,Sandslash
Slowpoke,Skorupi,Skorupi
Murkrow,Torterra,Murkrow
Shaymin Land Forme,Klefki,Shaymin Land Forme
Taillow,Camerupt,Taillow
Infernape,Trubbish,Infernape
Yanma,Glalie,Yanma
Blitzle,Eelektross,Blitzle
Paras,Trevenant,Trevenant
Gible,Registeel,Registeel
Magmortar,Unfezant,Unfezant
Wartortle,Sylveon,Sylveon
Froakie,Mega Manectric,Mega Manectric
Mightyena,Vigoroth,Vigoroth
Tentacool,Zoroark,Zoroark
Torterra,Golem,Torterra
Watchog,Venomoth,Venomoth
Vigoroth,Aromatisse,Vigoroth
Houndour,Golurk,Houndour
Larvesta,Slowking,Larvesta
Bellsprout,Herdier,Herdier
Luxray,Pidgey,Luxray
Mr. Mime,Drifloon,Mr. Mime
Hippopotas,Slowking,Hippopotas
Mega Venusaur,Mega Blastoise,Mega Venusaur
Exeggcute,Cleffa,Exeggcute
Nidorino,Magmortar,Magmortar
Seaking,Pelipper,Seaking
Gardevoir,Nidorino,Gardevoir
Aegislash Shield Forme,Conkeldurr,Conkeldurr
Volcarona,Burmy,Volcarona
Zekrom,Shieldon,Zekrom
Gengar,Ralts,Gengar
Spheal,Swinub,Swinub
Nidoqueen,Mega Blastoise,Mega Blastoise
Lucario,Marshtomp,Lucario
Emolga,Happiny,Emolga
Frost Rotom,Igglybuff,Frost Rotom
Jolteon,Igglybuff,Jolteon
Krabby,Raichu,Raichu
Bouffalant,Mega Sharpedo,Mega Sharpedo
Pignite,Azelf,Azelf
Fearow,Ninetales,Ninetales
Torchic,Bayleef,Bayleef
Poochyena,Mega Sableye,Mega Sableye
Karrablast,Foongus,Karrablast
Gothitelle,Absol,Absol
Swablu,Mega Heracross,Mega Heracross
Slowking,Silcoon,Slowking
Simipour,Shuckle,Simipour
Meditite,Aggron,Meditite
Tentacool,Chimecho,Tentacool
Ledian,Clefairy,Ledian
Magmar,Giratina Origin Forme,Magmar
Sunflora,Golurk,Golurk
Minccino,Glameow,Glameow
Purugly,Braviary,Purugly
Blissey,Zubat,Zubat
Slowbro,Persian,Persian
Gothorita,Deino,Deino
Kyurem Black Kyurem,Machoke,Kyurem Black Kyurem
Zweilous,Grovyle,Grovyle
Bronzor,Haunter,Haunter
Skuntank,Klink,Klink
Chesnaught,Garbodor,Garbodor
Camerupt,Hitmontop,Hitmontop
Bronzor,Whirlipede,Whirlipede
Spearow,Hoopa Confined,Hoopa Confined
Venipede,Starmie,Starmie
Medicham,Rotom,Rotom
Nuzleaf,Noctowl,Noctowl
Seedot,Mega Absol,Mega Absol
Magby,Grumpig,Magby
Deoxys Normal Forme,Buneary,Deoxys Normal Forme
Giratina Origin Forme,Regice,Giratina Origin Forme
Croconaw,Steelix,Croconaw
Arcanine,Totodile,Arcanine
Xerneas,Houndour,Xerneas
Dusknoir,Monferno,Monferno
Aerodactyl,Karrablast,Aerodactyl
Carracosta,Omanyte,Omanyte
Zubat,Mega Aggron,Mega Aggron
Vaporeon,Ferrothorn,Ferrothorn
Carvanha,Drowzee,Carvanha
Kyurem Black Kyurem,Panpour,Kyurem Black Kyurem
Swadloon,Bunnelby,Bunnelby
Glaceon,Wormadam Trash Cloak,Glaceon
Swalot,Porygon-Z,Porygon-Z
Pidove,Whiscash,Pidove
Ivysaur,Murkrow,Murkrow
Squirtle,Tympole,Tympole
Froslass,Dragalge,Froslass
DeoxysAttack Forme,Rhyperior,DeoxysAttack Forme
Kirlia,Sealeo,Kirlia
Zapdos,Smoochum,Zapdos
Mega Gallade,Nidoran♂,Mega Gallade
Venonat,Sawk,Sawk
Groudon,Bunnelby,Groudon
Heracross,Aggron,Heracross
Dragonite,Marowak,Dragonite
Persian,Koffing,Persian
Zorua,Gogoat,Gogoat
Mime Jr.,Zekrom,Zekrom
Ledyba,Braviary,Braviary
Seaking,Primal Kyogre,Primal Kyogre
Dragonite,Piplup,Dragonite
Mega Audino,Pupitar,Pupitar
Greninja,Girafarig,Greninja
Reshiram,Clawitzer,Reshiram
Mow Rotom,Mamoswine,Mow Rotom
Hoopa Confined,Axew,Axew
Charmeleon,Zubat,Charmeleon
Mega Latios,Mega Steelix,Mega Latios
Tornadus Incarnate Forme,Talonflame,Talonflame
Pancham,Houndoom,Houndoom
Dedenne,Cranidos,Dedenne
Mightyena,Stunfisk,Mightyena
Dialga,Wingull,Dialga
Wooper,Pawniard,Pawniard
Drapion,Mankey,Drapion
Primal Kyogre,Spewpa,Primal Kyogre
Mega Blaziken,Gliscor,Mega Blaziken
Hitmonchan,Mienfoo,Hitmonchan
Swablu,Stunfisk,Stunfisk
Mega Mawile,Tynamo,Tynamo
Mothim,Combee,Combee
Remoraid,Skitty,Remoraid
Starmie,Mega Manectric,Mega Manectric
Kyurem White Kyurem,Yveltal,Yveltal
Sneasel,Elgyem,Sneasel
Lugia,Hawlucha,Hawlucha
Azumarill,Absol,Absol
Ledian,Wailmer,Ledian
Giratina Origin Forme,Mega Sharpedo,Mega Sharpedo
Eelektrik,Nidorino,Nidorino
Buneary,Clamperl,Buneary
Milotic,Fennekin,Milotic
Walrein,Tranquill,Tranquill
Tangela,Petilil,Tangela
Skorupi,Tangela,Skorupi
Shellder,Mow Rotom,Mow Rotom
Watchog,Meloetta Aria Forme,Meloetta Aria Forme
Mega Abomasnow,Gastly,Mega Abomasnow
Piloswine,Dodrio,Dodrio
Vanilluxe,Cherubi,Vanilluxe
Magnemite,Shellos,Magnemite
Infernape,Mega Swampert,Infernape
Mega Kangaskhan,Pikachu,Mega Kangaskhan
Liepard,Dunsparce,Liepard
Mega Sharpedo,Mega Abomasnow,Mega Abomasnow
Swanna,Clefable,Swanna
Emboar,Ninjask,Ninjask
Keldeo Resolute Forme,Volbeat,Keldeo Resolute Forme
Horsea,Scrafty,Horsea
Combusken,Crobat,Crobat
Venipede,Staryu,Staryu
Tepig,Pansear,Pansear
Beldum,Pineco,Beldum
Mr. Mime,Ledian,Mr. Mime
Mega Audino,Meowstic Female,Meowstic Female
Landorus Incarnate Forme,Magby,Landorus Incarnate Forme
Lickilicky,Seismitoad,Seismitoad
Simipour,Dusknoir,Simipour
Mega Abomasnow,Jumpluff,Mega Abomasnow
Tyranitar,Burmy,Tyranitar
Zoroark,Cubone,Zoroark
Zangoose,Haunter,Haunter
Solrock,Golduck,Golduck
Houndoom,Manectric,Manectric
Tyrogue,Arbok,Arbok
Vullaby,Timburr,Vullaby
Koffing,Sharpedo,Sharpedo
Misdreavus,Arbok,Misdreavus
Azelf,Giratina Altered Forme,Azelf
Tynamo,Mega Blastoise,Mega Blastoise
Cascoon,Paras,Paras
Rhyhorn,Tyrogue,Tyrogue
Hoothoot,Shieldon,Hoothoot
Flareon,Volbeat,Volbeat
Heatmor,Poliwrath,Poliwrath
Cresselia,Chespin,Cresselia
Dodrio,Flabébé,Dodrio
Tynamo,Mega Glalie,Mega Glalie
Swalot,Drilbur,Drilbur
Dunsparce,Stoutland,Stoutland
Sharpedo,Primal Groudon,Sharpedo
Mew,Pignite,Mew
Gloom,Gardevoir,Gardevoir
Vibrava,Meloetta Aria Forme,Meloetta Aria Forme
Snubbull,Mantyke,Snubbull
Ivysaur,Gurdurr,Ivysaur
Gloom,Jynx,Jynx
Wormadam Plant Cloak,Exeggcute,Exeggcute
Elgyem,Grimer,Elgyem
Magby,Slowking,Slowking
Anorith,Durant,Durant
Munchlax,Bronzor,Munchlax
Shroomish,Kabutops,Kabutops
Sharpedo,Klinklang,Sharpedo
Rhyperior,Staryu,Rhyperior
Pumpkaboo Large Size,Mienfoo,Pumpkaboo Large Size
Joltik,Mega Camerupt,Mega Camerupt
Manaphy,Gastly,Manaphy
Mothim,Braviary,Braviary
Exeggutor,Pachirisu,Pachirisu
Lickitung,Lunatone,Lunatone
Manaphy,Venonat,Manaphy
Mismagius,Timburr,Mismagius
Riolu,Mega Blaziken,Mega Blaziken
Heliolisk,Audino,Heliolisk
Cryogonal,Weedle,Cryogonal
Phanpy,Elekid,Phanpy
Parasect,Garchomp,Garchomp
Espurr,Garchomp,Garchomp
Buneary,Braixen,Buneary
Kirlia,Magcargo,Kirlia
Linoone,Gliscor,Linoone
Aegislash Blade Forme,Jigglypuff,Aegislash Blade Forme
Beautifly,Shellos,Beautifly
Aerodactyl,Skitty,Aerodactyl
Gothitelle,Spinda,Gothitelle
Venipede,Mega Heracross,Mega Heracross
Beedrill,Seviper,Beedrill
Porygon-Z,Hoppip,Porygon-Z
Seaking,Deino,Seaking
Slowking,Chespin,Chespin
Electivire,Koffing,Electivire
Seadra,Zigzagoon,Seadra
Pignite,Murkrow,Murkrow
Dragalge,Slowpoke,Dragalge
Serperior,Hippowdon,Serperior
Marshtomp,Whirlipede,Marshtomp
Mega Gardevoir,Porygon,Mega Gardevoir
Primal Groudon,Dusclops,Primal Groudon
Sandile,Fletchinder,Fletchinder
Banette,Breloom,Breloom
Lapras,Hitmonchan,Hitmonchan
Mega Manectric,Tyranitar,Mega Manectric
Caterpie,Dragonite,Dragonite
Liepard,Gible,Liepard
Manaphy,Seadra,Manaphy
Skuntank,Espeon,Espeon
Gliscor,Dunsparce,Gliscor
Sealeo,Omastar,Omastar
Crawdaunt,Smeargle,Smeargle
Flabébé,Sentret,Flabébé
Hitmonchan,Chatot,Chatot
Ivysaur,Mega Absol,Mega Absol
Seviper,Toxicroak,Toxicroak
Swampert,Stantler,Stantler
Giratina Altered Forme,Corsola,Giratina Altered Forme
Oddish,Tyranitar,Tyranitar
Leafeon,Furret,Leafeon
Volcarona,Mega Steelix,Mega Steelix
Dratini,Mega Glalie,Mega Glalie
Pidove,Vullaby,Vullaby
Mega Medicham,Garchomp,Garchomp
Pachirisu,Fan Rotom,Pachirisu
Tyrantrum,Flabébé,Tyrantrum
Dialga,Mega Heracross,Dialga
Mothim,Elekid,Elekid
Purrloin,Diancie,Purrloin
Eevee,Flareon,Flareon
Gardevoir,Silcoon,Gardevoir
Unfezant,Manaphy,Manaphy
Geodude,Kadabra,Geodude
Noctowl,Tangrowth,Noctowl
Jolteon,Archeops,Jolteon
Grovyle,Wingull,Grovyle
Scraggy,Ho-oh,Ho-oh
Litwick,Whismur,Whismur
Heat Rotom,Aromatisse,Heat Rotom
Bonsly,Gallade,Gallade
Kecleon,Dratini,Dratini
Oddish,Gothita,Gothita
Xerneas,Barboach,Xerneas
Dodrio,Mega Lopunny,Mega Lopunny
Simisage,Numel,Simisage
Kyogre,Mr. Mime,Mr. Mime
Ludicolo,Throh,Ludicolo
Sylveon,Azurill,Sylveon
Kecleon,Azurill,Kecleon
Glaceon,Magmortar,Magmortar
Dusclops,Meowstic Male,Meowstic Male
Larvesta,Shellder,Larvesta
Ambipom,Lombre,Ambipom
Elgyem,Mega Diancie,Mega Diancie
Swanna,Crustle,Swanna
Luxio,Cobalion,Cobalion
Zebstrika,Luxio,Zebstrika
Houndour,Charizard,Charizard
Krookodile,Gothitelle,Krookodile
Metapod,Spinarak,Spinarak
Yamask,Poliwrath,Poliwrath
Mudkip,Meloetta Aria Forme,Meloetta Aria Forme
Chikorita,Skrelp,Chikorita
Articuno,Gyarados,Articuno
Feraligatr,Hydreigon,Hydreigon
Noibat,Rapidash,Rapidash
Venonat,Murkrow,Murkrow
Gloom,Luvdisc,Gloom
Boldore,Combee,Boldore
Cubchoo,Volbeat,Volbeat
Seviper,Chimecho,Chimecho
Arbok,Bellossom,Arbok
Luvdisc,Huntail,Huntail
Carracosta,Totodile,Totodile
Chandelure,Wynaut,Chandelure
Spinda,Joltik,Joltik
Lickitung,Reshiram,Reshiram
Frillish,Mega Mewtwo X,Frillish
Slowpoke,Claydol,Slowpoke
Volcarona,Cranidos,Volcarona
Prinplup,Darumaka,Darumaka
Luvdisc,Palkia,Palkia
Venipede,Mega Gyarados,Mega Gyarados
Shuckle,Yanma,Yanma
Empoleon,Mega Medicham,Mega Medicham
Hitmonchan,Avalugg,Hitmonchan
Kirlia,Aegislash Shield Forme,Aegislash Shield Forme
Nidoking,Snubbull,Nidoking
Magnezone,Swadloon,Magnezone
Archeops,Machoke,Archeops
Unown,Archen,Archen
Miltank,Mega Pidgeot,Mega Pidgeot
Krokorok,Igglybuff,Krokorok
Palpitoad,Shuppet,Palpitoad
Snivy,Mienshao,Mienshao
Mega Mewtwo Y,Lickilicky,Mega Mewtwo Y
Heliolisk,Wynaut,Heliolisk
Gabite,Lileep,Gabite
Manectric,Wormadam Sandy Cloak,Manectric
Zubat,Kyurem,Kyurem
Dwebble,Luxray,Luxray
Drowzee,Throh,Throh
Mandibuzz,Horsea,Mandibuzz
Machoke,Heatmor,Heatmor
Jigglypuff,Nincada,Nincada
Tympole,Aurorus,Tympole
Conkeldurr,Chimecho,Chimecho
Gengar,Venonat,Gengar
Gogoat,Eelektross,Gogoat
Volbeat,Bagon,Volbeat
Infernape,Venipede,Infernape
Exeggcute,Lotad,Exeggcute
Cherubi,Minun,Minun
Mega Gallade,Yveltal,Yveltal
Weavile,Wormadam Trash Cloak,Weavile
Groudon,Venipede,Groudon
Milotic,Fan Rotom,Fan Rotom
Diglett,Zygarde Half Forme,Zygarde Half Forme
Cascoon,Skarmory,Skarmory
Timburr,Lairon,Lairon
Wailord,Hydreigon,Hydreigon
Togekiss,Crobat,Crobat
Croagunk,Rayquaza,Rayquaza
Pidgey,Swadloon,Pidgey
Volbeat,Scrafty,Volbeat
Steelix,Qwilfish,Qwilfish
Dratini,Camerupt,Dratini
Chatot,Mega Pidgeot,Mega Pidgeot
Zapdos,Grovyle,Zapdos
Kyurem White Kyurem,Aron,Kyurem White Kyurem
Mega Metagross,Electivire,Mega Metagross
Gyarados,Uxie,Uxie
Kyurem White Kyurem,Wobbuffet,Kyurem White Kyurem
Treecko,Helioptile,Helioptile
Muk,Terrakion,Terrakion
Leavanny,Budew,Leavanny
Magnezone,Duosion,Magnezone
Palkia,Darumaka,Palkia
63,Spheal,63
Beartic,Mega Gyarados,Mega Gyarados
Grovyle,Darumaka,Darumaka
Noivern,Lucario,Noivern
Gigalith,Aegislash Blade Forme,Aegislash Blade Forme
Mega Garchomp,Happiny,Mega Garchomp
Mega Blaziken,Golem,Mega Blaziken
Beautifly,Venonat,Beautifly
Machop,Regirock,Regirock
Froslass,Ferroseed,Froslass
Mega Scizor,Haxorus,Haxorus
Rampardos,Froslass,Froslass
Klang,Feebas,Klang
Vespiquen,Aegislash Blade Forme,Aegislash Blade Forme
Simisage,Gengar,Gengar
Umbreon,Heracross,Heracross
Audino,Gastly,Gastly
Shellos,Smoochum,Smoochum
Quilladin,Octillery,Quilladin
Armaldo,Pumpkaboo Large Size,Pumpkaboo Large Size
Articuno,Mamoswine,Articuno
Bulbasaur,Bisharp,Bisharp
Baltoy,Swellow,Swellow
Eelektrik,Herdier,Herdier
Avalugg,Kangaskhan,Kangaskhan
Torkoal,Chimchar,Chimchar
Keldeo Resolute Forme,Starly,Keldeo Resolute Forme
Regirock,Talonflame,Regirock
Misdreavus,Flaaffy,Misdreavus
Togekiss,Cobalion,Cobalion
Togetic,Hitmonchan,Hitmonchan
Granbull,Pansear,Pansear
Golem,Gogoat,Gogoat
Klink,Altaria,Altaria
Tyrunt,Metapod,Tyrunt
Herdier,Unown,Herdier
Mega Sceptile,Dwebble,Mega Sceptile
Solrock,Pikachu,Pikachu
Mewtwo,Shellos,Mewtwo
Zweilous,Simipour,Simipour
Mewtwo,Mr. Mime,Mewtwo
Munchlax,Loudred,Munchlax
Beartic,Krookodile,Krookodile
Mega Mewtwo X,Gyarados,Mega Mewtwo X
Solosis,Dewott,Dewott
Mega Pinsir,Mega Heracross,Mega Pinsir
Swampert,Metagross,Metagross
Granbull,Raichu,Raichu
  Scolipede  ,Trapinch,  Scolipede  
Deoxys Normal Forme,Crawdaunt,Deoxys Normal Forme
Mightyena,Pidgey,Mightyena
Volcanion,Kyogre,Kyogre
Lucario,Marill,Lucario
Murkrow,Anorith,Murkrow
Accelgor,Seel,Accelgor
Swadloon,Omanyte,Swadloon
Mewtwo,Cubchoo,Mewtwo
Golett,Floatzel,Floatzel
Zangoose,Baltoy,Zangoose
Pinsir,Kabutops,Pinsir
Pangoro,Houndoom,Houndoom
Swampert,Medicham,Medicham
Marshtomp,Linoone,Linoone
Landorus Therian Forme,Vanilluxe,Landorus Therian Forme
Kyurem White Kyurem,Kingdra,Kyurem White Kyurem
Frillish,Diglett,Diglett
Bulbasaur,Serperior,Serperior
Heatran,Dragalge,Heatran
Staryu,Plusle,Plusle
Arcanine,Glaceon,Arcanine
Feraligatr,Samurott,Feraligatr
Articuno,Rattata,Articuno
Surskit,Electrode,Electrode
Krabby,Umbreon,Umbreon
Omanyte,Meloetta Pirouette Forme,Meloetta Pirouette Forme
Charmander,Lickitung,Charmander
Totodile,Simipour,Simipour
Ludicolo,Metang,Ludicolo
Honedge,Mienshao,Mienshao
Poochyena,Ninetales,Ninetales
Garchomp,Castform,Garchomp
Pikachu,Mandibuzz,Pikachu
Joltik,Clamperl,Joltik
Stunky,Shelmet,Stunky
Barboach,Cottonee,Cottonee
Spewpa,Delphox,Delphox
Tyranitar,Empoleon,Tyranitar
Natu,Pidgey,Natu
Mankey,Simipour,Simipour
Seviper,Kricketot,Seviper
Illumise,Azurill,Illumise
Shiftry,Mega Salamence,Mega Salamence
Rufflet,Pinsir,Pinsir
Rayquaza,Golem,Rayquaza
Mega Venusaur,Mega Gardevoir,Mega Gardevoir
Venonat,Wormadam Sandy Cloak,Venonat
Meloetta Pirouette Forme,Furret,Meloetta Pirouette Forme
Koffing,Floette,Floette
Mega Sharpedo,Mega Venusaur,Mega Sharpedo
Skitty,Shiftry,Shiftry
Sableye,Luvdisc,Luvdisc
Spiritomb,Ducklett,Ducklett
Clauncher,Chatot,Chatot
Durant,Watchog,Durant
Marill,Shuckle,Marill
Butterfree,Venomoth,Venomoth
Luxray,Seismitoad,Seismitoad
Paras,Charmeleon,Charmeleon
Gourgeist Super Size,Jirachi,Jirachi
Skuntank,Luxray,Skuntank
Haunter,Electivire,Electivire
Mega Houndoom,Mega Diancie,Mega Houndoom
Lampent,Starmie,Starmie
Keldeo Resolute Forme,Machop,Keldeo Resolute Forme
Bergmite,Snorlax,Snorlax
Mega Sharpedo,Honedge,Mega Sharpedo
Shaymin Land Forme,Hawlucha,Hawlucha
Zangoose,Illumise,Zangoose
Heracross,Relicanth,Heracross
Mega Latios,Snorlax,Mega Latios
Mega Gengar,Pachirisu,Mega Gengar
Unfezant,Shiftry,Unfezant
Pancham,Mega Latios,Mega Latios
Quilava,Rampardos,Rampardos
Mega Gyarados,Dewott,Mega Gyarados
Alomomola,Nidoqueen,Nidoqueen
Stunfisk,Chesnaught,Chesnaught
Flygon,Mega Gallade,Mega Gallade
Roserade,Oshawott,Roserade
Illumise,Totodile,Illumise
Porygon-Z,Terrakion,Terrakion
Mamoswine,Geodude,Mamoswine
Swablu,Delibird,Delibird
Lombre,Silcoon,Lombre
Mega Gardevoir,Cubone,Mega Gardevoir
Conkeldurr,Walrein,Walrein
Manaphy,Sawk,Manaphy
Octillery,Mega Ampharos,Mega Ampharos
Tornadus Incarnate Forme,Rayquaza,Tornadus Incarnate Forme
Woobat,Wormadam Trash Cloak,Wormadam Trash Cloak
Graveler,Combusken,Combusken
Zebstrika,Giratina Altered Forme,Zebstrika
Latios,Mega Absol,Mega Absol
Starmie,Weavile,Weavile
Crawdaunt,Toxicroak,Toxicroak
Yanma,Hitmonlee,Yanma
Slowking,Sewaddle,Sewaddle
Drapion,Klang,Klang
Articuno,Tentacool,Articuno
Mega Ampharos,Hoopa Unbound,Hoopa Unbound
Hippowdon,Braviary,Braviary
Flareon,Hypno,Hypno
Chandelure,Genesect,Genesect
Solosis,Combusken,Combusken
Mega Aggron,Klefki,Klefki
Quagsire,Garchomp,Garchomp
Barbaracle,Snorunt,Barbaracle
Watchog,Darmanitan Standard Mode,Darmanitan Standard Mode
Meloetta Aria Forme,Ludicolo,Meloetta Aria Forme
Mega Venusaur,Yveltal,Yveltal
Gourgeist Average Size,Wobbuffet,Gourgeist Average Size
Bidoof,Clawitzer,Clawitzer
Shedinja,Gengar,Gengar
Blissey,Gourgeist Large Size,Gourgeist Large Size
Ivysaur,Thundurus Incarnate Forme,Thundurus Incarnate Forme
Mega Salamence,Yanma,Mega Salamence
Palpitoad,Mienshao,Mienshao
Pyroar,Terrakion,Terrakion
Kirlia,Dratini,Dratini
Gothitelle,Shroomish,Gothitelle
63,Jirachi,Jirachi
Beartic,Numel,Beartic
Cranidos,Venomoth,Venomoth
Dusclops,Piplup,Piplup
Nincada,Hitmonlee,Hitmonlee
Cacturne,Wingull,Cacturne
Mega Diancie,Cubone,Mega Diancie
Weavile,Dragonite,Weavile
Mareep,Clauncher,Clauncher
Squirtle,Zapdos,Zapdos
Aromatisse,  Grotle  ,  Grotle  
Mega Scizor,Golduck,Golduck
Mandibuzz,Quagsire,Mandibuzz
Swinub,Clefairy,Swinub
Staryu,Snubbull,Snubbull
Stantler,Articuno,Articuno
Cubchoo,Beldum,Cubchoo
Pelipper,Purrloin,Purrloin
Wormadam Trash Cloak,Samurott,Samurott
Herdier,Flygon,Flygon
Cresselia,Cubchoo,Cresselia
Crobat,Parasect,Crobat
Gloom,Mothim,Mothim
Galvantula,Snubbull,Galvantula
Ludicolo,Mega Medicham,Mega Medicham
Deoxys Defense Forme,Meganium,Deoxys Defense Forme
Tepig,Jirachi,Jirachi
Bastiodon,Larvitar,Larvitar
Alakazam,Ampharos,Alakazam
Frillish,Vivillon,Vivillon
Onix,Togepi,Onix
Bonsly,Baltoy,Baltoy
Heatran,Garbodor,Heatran
Binacle,Kadabra,Kadabra
Mega Alakazam,Spinarak,Mega Alakazam
Mega Altaria,Kangaskhan,Kangaskhan
Piplup,Glaceon,Glaceon
Zygarde Half Forme,Cacturne,Zygarde Half Forme
Krabby,Kyurem,Kyurem
Smeargle,Nuzleaf,Smeargle
Poliwrath,Scraggy,Poliwrath
Mantine,Barboach,Mantine
Volcanion,Sentret,Volcanion
Lucario,Jynx,Jynx
Abra,Zangoose,Zangoose
Mega Gengar,Armaldo,Mega Gengar
Ekans,Unown,Ekans
Deino,Spinda,Spinda
Arcanine,Primal Groudon,Arcanine
Mega Kangaskhan,Misdreavus,Misdreavus
Ambipom,Shieldon,Ambipom
Altaria,Entei,Entei
Mega Aggron,Pupitar,Pupitar
Mega Mewtwo Y,Bronzong,Mega Mewtwo Y
Prinplup,Groudon,Groudon
Altaria,Reshiram,Reshiram
Aggron,Forretress,Aggron
Kyurem,Croconaw,Kyurem
Frogadier,Goomy,Frogadier
Mega Mewtwo X,Articuno,Mega Mewtwo X
Mismagius,Slowbro,Mismagius
Petilil,Serperior,Serperior
Groudon,Mega Manectric,Groudon
Barbaracle,Clawitzer,Barbaracle
Shelmet,Barboach,Barboach
Mega Sableye,Nidorino,Nidorino
Kingdra,Mandibuzz,Kingdra
Duskull,Politoed,Politoed
Noibat,Sylveon,Sylveon
Cinccino,Hydreigon,Cinccino
Drapion,Cottonee,Drapion
Monferno,Charmander,Monferno
Volbeat,Shinx,Volbeat
Primal Kyogre,Gyarados,Primal Kyogre
Tornadus Incarnate Forme,Cloyster,Tornadus Incarnate Forme
Pignite,Mega Blaziken,Mega Blaziken
Rotom,Mega Manectric,Mega Manectric
Cacturne,Helioptile,Helioptile
Excadrill,Gyarados,Excadrill
Delcatty,Meloetta Pirouette Forme,Meloetta Pirouette Forme
Wurmple,Cleffa,Wurmple
Uxie,Paras,Uxie
Mega Gallade,Manaphy,Mega Gallade
Samurott,Politoed,Politoed
Ducklett,Absol,Absol
Chikorita,Leafeon,Leafeon
Seadra,Wailord,Seadra
Emolga,Budew,Emolga
Feraligatr,Cascoon,Feraligatr
Escavalier,Vigoroth,Escavalier
Doublade,Inkay,Inkay
Moltres,Salamence,Salamence
Pangoro,Probopass,Pangoro
Growlithe,Kabutops,Kabutops
Frillish,Mega Mewtwo X,Frillish
Dedenne,Zekrom,Dedenne
Charmeleon,Latias,Latias
Unfezant,Salamence,Salamence
Doduo,Aron,Aron
Larvitar,Ralts,Larvitar
Tornadus Therian Forme,Ledian,Tornadus Therian Forme
Illumise,Snorlax,Snorlax
Meloetta Pirouette Forme,Prinplup,Meloetta Pirouette Forme
Graveler,Grimer,Graveler
Masquerain,Fletchling,Fletchling
  Farfetch'd  ,Wailmer,Wailmer
Druddigon,Gulpin,Druddigon
Bayleef,Huntail,Bayleef
Carracosta,Basculin,Basculin
Azurill,Mow Rotom,Mow Rotom
Dratini,Jumpluff,Jumpluff
Kricketune,Skiploom,Skiploom
Kangaskhan,Drowzee,Kangaskhan
Gliscor,Makuhita,Gliscor
Sewaddle,Volcarona,Volcarona
Swampert,Snubbull,Swampert
Lotad,Kirlia,Kirlia
Happiny,Lucario,Lucario
Simisage,Suicune,Simisage
Fearow,Phione,Fearow
Mega Houndoom,Reuniclus,Mega Houndoom
Trevenant,Linoone,Linoone
Gourgeist Small Size,Basculin,Gourgeist Small Size
Mega Aerodactyl,Abomasnow,Mega Aerodactyl
Reshiram,Steelix,Reshiram
Mega Scizor,Tauros,Tauros
Cherubi,Shaymin Land Forme,Shaymin Land Forme
Mega Pidgeot,Dugtrio,Mega Pidgeot
Zebstrika,Krookodile,Krookodile
Chatot,Palkia,Palkia
Darumaka,Sandslash,Sandslash
Frillish,Torkoal,Torkoal
Binacle,Staravia,Staravia
Bisharp,Luvdisc,Bisharp
Deerling,Meowstic Male,Meowstic Male
Giratina Origin Forme,Ledian,Giratina Origin Forme
Emboar,Sawk,Sawk
Garbodor,Deoxys Speed Forme,Deoxys Speed Forme
Shinx,Durant,Durant
Hippowdon,Roserade,Roserade
Accelgor,Masquerain,Accelgor
Deerling,Herdier,Deerling
Ducklett,Venipede,Venipede
Boldore,Inkay,Inkay
Walrein,Serperior,Serperior
Reshiram,Goodra,Reshiram
Squirtle,Mega Slowbro,Squirtle
Wormadam Sandy Cloak,Pidove,Pidove
Misdreavus,Ambipom,Ambipom
Druddigon,Dratini,Dratini
Conkeldurr,Mienfoo,Mienfoo
Chingling,Tranquill,Tranquill
Bergmite,Noctowl,Noctowl
Mega Aerodactyl,Exploud,Mega Aerodactyl
Snubbull,Mega Gengar,Mega Gengar
Probopass,Ivysaur,Ivysaur
Heracross,Mega Alakazam,Heracross
Misdreavus,Lumineon,Lumineon
Vanillish,Registeel,Vanillish
Salamence,Electrode,Electrode
Scyther,Simipour,Scyther
Garbodor,Darmanitan Standard Mode,Darmanitan Standard Mode
Manaphy,Moltres,Manaphy
Jirachi,Spoink,Jirachi
Binacle,Clamperl,Binacle
Carracosta,Drifloon,Carracosta
Huntail,Roselia,Roselia
Krabby,Foongus,Krabby
Gible,Misdreavus,Misdreavus
Sunflora,Rufflet,Rufflet
Mega Charizard X,Alomomola,Mega Charizard X
Vivillon,Frogadier,Frogadier
Pignite,Torchic,Pignite
Gloom,Shellos,Gloom
Stoutland,Mega Camerupt,Stoutland
Ninetales,Metapod,Ninetales
Spiritomb,Beldum,Spiritomb
Galvantula,Barbaracle,Galvantula
Mega Abomasnow,Lopunny,Mega Abomasnow
Shroomish,Mega Pinsir,Mega Pinsir
Zekrom,Barbaracle,Zekrom
Mega Abomasnow,Furfrou,Furfrou
Mega Garchomp,Dragonite,Dragonite
Fletchling,Rotom,Rotom
Igglybuff,Nidoran♀,Nidoran♀
Monferno,Cottonee,Monferno
Litwick,Wingull,Wingull
Illumise,Kabuto,Illumise
Snorlax,Noibat,Snorlax
Watchog,Nidoran♂,Watchog
Illumise,Mawile,Illumise
Zorua,Toxicroak,Toxicroak
Staryu,Unfezant,Unfezant
Meloetta Pirouette Forme,Fennekin,Meloetta Pirouette Forme
Emolga,Pelipper,Emolga
Mega Altaria,Ledyba,Mega Altaria
Duosion,Mega Beedrill,Mega Beedrill
Bayleef,Torchic,Bayleef
Vullaby,Landorus Therian Forme,Landorus Therian Forme
Butterfree,Nidorino,Butterfree
Mienshao,Meditite,Mienshao
Lumineon,Mega Mewtwo X,Mega Mewtwo X
Porygon2,Shinx,Porygon2
Butterfree,Wailord,Butterfree
Gourgeist Small Size,Zygarde Half Forme,Gourgeist Small Size
Sliggoo,Heracross,Heracross
Mega Heracross,Pansage,Mega Heracross
Mega Kangaskhan,Tepig,Mega Kangaskhan
Staraptor,Escavalier,Staraptor
Helioptile,Simipour,Simipour
Roserade,Sneasel,Sneasel
Kakuna,Tirtouga,Tirtouga
Spewpa,Sealeo,Sealeo
Cinccino,Slowpoke,Cinccino
Dwebble,Muk,Dwebble
Wobbuffet,Magmortar,Magmortar
Girafarig,Ferrothorn,Ferrothorn
Noctowl,Swoobat,Swoobat
Bronzor,Petilil,Petilil
Delcatty,Elekid,Elekid
Spinda,Mamoswine,Mamoswine
Huntail,Cryogonal,Cryogonal
Gothorita,Cubone,Gothorita
Lopunny,Mega Medicham,Lopunny
Weavile,Pumpkaboo Average Size,Weavile
Castform,Tynamo,Castform
Girafarig,Machoke,Girafarig
Golurk,Tauros,Tauros
Mr. Mime,Croconaw,Mr. Mime
Starmie,Malamar,Starmie
Shiftry,Plusle,Plusle
Blaziken,Frost Rotom,Frost Rotom
Wynaut,Herdier,Herdier
Mr. Mime,Mareep,Mr. Mime
Staraptor,Poochyena,Staraptor
Snover,Magmar,Magmar
Patrat,Tornadus Incarnate Forme,Tornadus Incarnate Forme
Misdreavus,Haunter,Haunter
Clawitzer,Vileplume,Clawitzer
Rapidash,Pupitar,Rapidash
Cacturne,Spoink,Spoink
Spheal,Uxie,Uxie
Pansage,Diggersby,Diggersby
Simisear,Unown,Simisear
Cherrim,Nidorina,Cherrim
Mega Pinsir,Bronzor,Mega Pinsir
Kricketune,Remoraid,Remoraid
Porygon,Golbat,Golbat
Skiddo,Rhydon,Skiddo
Swadloon,Fearow,Fearow
Reshiram,Ralts,Reshiram
Abomasnow,Elgyem,Abomasnow
Shroomish,Cherrim,Cherrim
Bellossom,Shuckle,Bellossom
Dewgong,Bibarel,Bibarel
Cascoon,Mienshao,Mienshao
Mightyena,Delcatty,Delcatty
Kyurem White Kyurem,Glaceon,Kyurem White Kyurem
Purugly,Manaphy,Purugly
Kyurem White Kyurem,Skiddo,Kyurem White Kyurem
Octillery,Claydol,Claydol
Politoed,Skorupi,Politoed
Aggron,Meowth,Aggron
Venonat,Delibird,Delibird
Chesnaught,Flabébé,Chesnaught
Woobat,Dugtrio,Dugtrio
Mega Glalie,Chimecho,Mega Glalie
Rampardos,Patrat,Rampardos
Porygon-Z,Milotic,Porygon-Z
Latias,Tyrunt,Latias
Meowstic Female,Duosion,Meowstic Female
Lampent,Mega Blastoise,Mega Blastoise
Samurott,Mega Sceptile,Mega Sceptile
Slurpuff,Purrloin,Slurpuff
Rampardos,Yanmega,Yanmega
Paras,Watchog,Watchog
Florges,Geodude,Florges
Mime Jr.,Linoone,Linoone
Prinplup,Piplup,Prinplup
Phanpy,Cyndaquil,Cyndaquil
Gourgeist Super Size,Nuzleaf,Nuzleaf
Pancham,Mantine,Mantine
Ledian,Kyurem,Kyurem
Cobalion,Buizel,Cobalion
Frost Rotom,Natu,Frost Rotom
Azurill,Slowking,Slowking
Metagross,Musharna,Metagross
Mega Sharpedo,Magcargo,Mega Sharpedo
Pansear,Meowth,Meowth
Eelektrik,Gastly,Eelektrik
Leavanny,Kyogre,Leavanny
Nidoran♂,Shelgon,Shelgon
Wooper,Hoopa Unbound,Hoopa Unbound
Mega Pinsir,Mesprit,Mega Pinsir
Mega Lopunny,Lickitung,Mega Lopunny
Masquerain,Riolu,Riolu
Pinsir,Gligar,Gligar
Sandslash,Porygon-Z,Porygon-Z
Octillery,Bunnelby,Bunnelby
Buizel,Crawdaunt,Buizel
Goodra,Misdreavus,Misdreavus
Braixen,Frogadier,Frogadier
Bulbasaur,Heliolisk,Heliolisk
Beheeyem,Emboar,Emboar
Vibrava,Mismagius,Mismagius
Cottonee,Volbeat,Volbeat
Sawk,Beartic,Sawk
Groudon,Litleo,Groudon
Mothim,Meganium,Meganium
Kricketot,Corphish,Corphish
Huntail,Mega Houndoom,Mega Houndoom
Shinx,Tangrowth,Tangrowth
Vanillish,Wormadam Trash Cloak,Vanillish
Darumaka,Excadrill,Excadrill
Phanpy,Mesprit,Mesprit
Diglett,Mega Pinsir,Mega Pinsir
Primal Kyogre,Milotic,Primal Kyogre
Floatzel,Carnivine,Floatzel
Zebstrika,Gastly,Zebstrika
Raikou,Mega Mawile,Raikou
Sealeo,Murkrow,Murkrow
Klang,Hitmonlee,Hitmonlee
Diglett,Alomomola,Alomomola
Pignite,Minun,Pignite
Shaymin Sky Forme,Feebas,Shaymin Sky Forme
Hoopa Unbound,Terrakion,Terrakion
Carbink,Durant,Durant
Emolga,Weedle,Emolga
Mega Mawile,Bronzong,Mega Mawile
Misdreavus,Roggenrola,Misdreavus
Espurr,Suicune,Suicune
Phantump,Floatzel,Floatzel
Persian,Mega Diancie,Persian
Nuzleaf,Nosepass,Nuzleaf
Quilladin,Litwick,Quilladin
Genesect,Cubchoo,Genesect
Palkia,Typhlosion,Typhlosion
Electrike,Gible,Electrike
Mega Kangaskhan,Lanturn,Mega Kangaskhan
Serperior,Zygarde Half Forme,Serperior
Mudkip,Avalugg,Mudkip
Electivire,Sliggoo,Electivire
Jirachi,Absol,Jirachi
Spewpa,Raticate,Raticate
Marowak,Qwilfish,Qwilfish
Gardevoir,Mega Lopunny,Mega Lopunny
Aurorus,Victini,Victini
Togekiss,Solrock,Togekiss
Pidove,Accelgor,Accelgor
Frogadier,Golbat,Frogadier
Vulpix,Arbok,Arbok
Caterpie,Sandile,Sandile
Pidgeot,Ivysaur,Pidgeot
Dragalge,Onix,Onix
Shuppet,Pignite,Pignite
Mega Scizor,Rhyhorn,Mega Scizor
Lampent,Croconaw,Croconaw
Gourgeist Super Size,Gigalith,Gourgeist Super Size
Misdreavus,Latios,Latios
Deoxys Speed Forme,Skuntank,Deoxys Speed Forme
Glalie,Gardevoir,Gardevoir
Snubbull,Horsea,Horsea
Bastiodon,Sewaddle,Sewaddle
Seviper,63,63
Mega Banette,Tangela,Mega Banette
Pidgey,Electivire,Electivire
Alomomola,Feebas,Alomomola
Unown,Kingdra,Kingdra
Reshiram,Noctowl,Reshiram
Virizion,Shieldon,Virizion
Piloswine,Serperior,Serperior
Mankey,Aerodactyl,Aerodactyl
Ponyta,Weepinbell,Ponyta
Scrafty,Skiddo,Scrafty
Zapdos,Watchog,Zapdos
Zapdos,Escavalier,Escavalier
Bayleef,Frillish,Frillish
Gallade,Slugma,Gallade
Nidoran♂,Ludicolo,Ludicolo
Quagsire,Weedle,Quagsire
Phanpy,Pineco,Phanpy
Cofagrigus,Mega Blaziken,Mega Blaziken
Cubone,Throh,Throh
Parasect,Mega Mawile,Mega Mawile
Klefki,Hippowdon,Klefki
Jynx,Sneasel,Sneasel
Typhlosion,Goodra,Typhlosion
Metapod,Porygon2,Porygon2
Kingler,Munna,Kingler
Krookodile,Wailord,Krookodile
Ivysaur,Palpitoad,Palpitoad
Lapras,Wormadam Plant Cloak,Lapras
Tirtouga,Ralts,Tirtouga
Ninjask,Gyarados,Ninjask
Mega Sableye,Cofagrigus,Cofagrigus
Marshtomp,Frost Rotom,Frost Rotom
Haxorus,Typhlosion,Typhlosion
Ekans,Cubone,Ekans
Spinarak,Tropius,Tropius
Aegislash Shield Forme,Spoink,Spoink
Croconaw,Scraggy,Croconaw
Tropius,Gengar,Gengar
Chesnaught,Latios,Latios
Swinub,Togetic,Togetic
Tangela,Diggersby,Diggersby
Ducklett,Mega Charizard Y,Mega Charizard Y
Arcanine,Croconaw,Arcanine
Registeel,Zekrom,Zekrom
Seel,Gothita,Gothita
Ferroseed,Amaura,Ferroseed
Pumpkaboo Super Size,Sewaddle,Sewaddle
Cubone,Dialga,Dialga
Thundurus Therian Forme,Latias,Latias
Pidgeot,Cinccino,Cinccino
Omastar,Horsea,Horsea
Ninetales,Ralts,Ninetales
Mega Blaziken,Garchomp,Garchomp
Azurill,Tropius,Tropius
Shiftry,Nosepass,Shiftry
Spinarak,Horsea,Horsea
Trevenant,Tentacruel,Tentacruel
Smeargle,Staryu,Staryu
Flaaffy,Kyurem,Kyurem
Froakie,Diggersby,Diggersby
Yveltal,Lombre,Yveltal
Bronzong,Druddigon,Druddigon
Regice,Pachirisu,Pachirisu
Feraligatr,Poliwrath,Feraligatr
Shelmet,Whismur,Whismur
Bellsprout,Luxray,Luxray
Bunnelby,Mega Sceptile,Mega Sceptile
Yamask,Dewott,Dewott
Exeggcute,Xatu,Xatu
Misdreavus,Goldeen,Misdreavus
Kabutops,Mega Absol,Mega Absol
Beautifly,Alomomola,Alomomola
Solosis,Petilil,Petilil
Thundurus Incarnate Forme,Flabébé,Thundurus Incarnate Forme
Girafarig,Mega Tyranitar,Mega Tyranitar
Wash Rotom,Nidoking,Wash Rotom
Silcoon,Natu,Natu
Giratina Origin Forme,Noctowl,Noctowl
Riolu,Regice,Riolu
Glameow,Mega Rayquaza,Mega Rayquaza
Yanmega,Gothita,Yanmega
Voltorb,Duskull,Voltorb
Bellsprout,Murkrow,Murkrow
Remoraid,Roggenrola,Remoraid
Hypno,Pikachu,Pikachu
Grumpig,Slowpoke,Grumpig
Kabuto,Dragonite,Dragonite
Keldeo Ordinary Forme,Aipom,Keldeo Ordinary Forme
Gorebyss,Lumineon,Lumineon
Gligar,Zweilous,Gligar
Kecleon,Venomoth,Venomoth
Venonat,Tirtouga,Venonat
Lunatone,Leafeon,Leafeon
  Grotle  ,Bonsly,  Grotle  
Luxio,Cottonee,Cottonee
Toxicroak,Wurmple,Toxicroak
Lilligant,Froakie,Lilligant
Venomoth,  Farfetch'd  ,Venomoth
Fan Rotom,Tynamo,Fan Rotom
Pumpkaboo Super Size,Pancham,Pumpkaboo Super Size
Bronzor,Krookodile,Krookodile
Forretress,Larvitar,Larvitar
Azelf,Lucario,Azelf
Drifblim,Mightyena,Drifblim
Metapod,Breloom,Breloom
Cinccino,Shuckle,Cinccino
Kyurem Black Kyurem,Kyogre,Kyurem Black Kyurem
Furret,Mega Pidgeot,Mega Pidgeot
Garchomp,Jirachi,Garchomp
Croagunk,Muk,Muk
Sawsbuck,Hoopa Confined,Sawsbuck
Tyrunt,Bergmite,Tyrunt
Beautifly,Mega Altaria,Mega Altaria
Galvantula,Larvitar,Larvitar
Patrat,Volbeat,Volbeat
Bouffalant,Carracosta,Bouffalant
Octillery,Vileplume,Vileplume
Ivysaur,Emboar,Emboar
Kricketot,Sentret,Kricketot
Spoink,Deoxys Normal Forme,Deoxys Normal Forme
Unfezant,Blaziken,Unfezant
Lickilicky,Slowbro,Lickilicky
Jolteon,Combusken,Jolteon
Crawdaunt,Cryogonal,Cryogonal
Dragonite,Gliscor,Gliscor
Mega Ampharos,Aggron,Aggron
Flabébé,Lucario,Lucario
Dratini,Marill,Dratini
Ducklett,Patrat,Ducklett
Chansey,Liepard,Liepard
Hippowdon,Lunatone,Lunatone
Golem,Metang,Metang
Cascoon,Chansey,Cascoon
Frillish,Wormadam Plant Cloak,Frillish
Roserade,Kirlia,Roserade
Quilava,Smoochum,Quilava
Pikachu,Cresselia,Pikachu
Makuhita,Roserade,Roserade
Meowth,Jynx,Jynx
Frost Rotom,Zapdos,Zapdos
Sunkern,Gloom,Gloom
Staravia,Sigilyph,Sigilyph
Mega Mewtwo Y,Bouffalant,Mega Mewtwo Y
Patrat,Noibat,Noibat
Whirlipede,Meloetta Aria Forme,Meloetta Aria Forme
Wash Rotom,Tyranitar,Wash Rotom
Cranidos,Slowbro,Cranidos
Swampert,Kirlia,Swampert
Pumpkaboo Super Size,Skarmory,Skarmory
Pyroar,Fletchling,Pyroar
Tyrunt,Quilava,Quilava
Mienfoo,Skuntank,Skuntank
Cryogonal,Floette,Cryogonal
Silcoon,Sewaddle,Sewaddle
Galvantula,Graveler,Graveler
Klink,Swampert,Swampert
Klefki,Dwebble,Klefki
Mega Aerodactyl,Lileep,Mega Aerodactyl
Tornadus Incarnate Forme,Dwebble,Tornadus Incarnate Forme
Mime Jr.,Bisharp,Bisharp
Spearow,Skitty,Spearow
Mienfoo,Vanilluxe,Vanilluxe
Terrakion,Pinsir,Terrakion
Lapras,Clefable,Clefable
Wobbuffet,Magcargo,Wobbuffet
Slaking,Fraxure,Slaking
Ho-oh,Scizor,Ho-oh
Xatu,Wooper,Xatu
Pelipper,Miltank,Miltank
Skarmory,Mega Audino,Skarmory
Liepard,Mega Pidgeot,Mega Pidgeot
Combee,Mega Venusaur,Mega Venusaur
Meditite,Pancham,Meditite
Relicanth,Heracross,Heracross
Sharpedo,Ferroseed,Sharpedo
Alakazam,Butterfree,Alakazam
Volcanion,Seviper,Volcanion
Slakoth,Mismagius,Mismagius
Mankey,Shellos,Mankey
Barbaracle,Omanyte,Barbaracle
Azurill,Mega Charizard Y,Mega Charizard Y
Noivern,Horsea,Noivern
Phantump,Gothita,Gothita
Hoppip,Axew,Axew
Trubbish,Shaymin Sky Forme,Shaymin Sky Forme
Stoutland,Mothim,Stoutland
Loudred,Buneary,Buneary
Krabby,Dedenne,Dedenne
Groudon,Doduo,Groudon
Mega Latios,Meowth,Mega Latios
Flareon,Darumaka,Flareon
Swinub,Electrike,Electrike
Mega Kangaskhan,Sawk,Mega Kangaskhan
Suicune,Pumpkaboo Super Size,Suicune
Tangrowth,Glalie,Glalie
Axew,Tyrantrum,Tyrantrum
Scraggy,Roserade,Roserade
Stoutland,Frogadier,Frogadier
Weezing,Toxicroak,Toxicroak
Grumpig,Reshiram,Reshiram
Palkia,Rhyperior,Palkia
Slowbro,Torkoal,Slowbro
Gogoat,Omanyte,Gogoat
Glalie,Breloom,Glalie
Tangrowth,Stunfisk,Tangrowth
Qwilfish,Vulpix,Qwilfish
Unfezant,Shellder,Unfezant
Wurmple,Manaphy,Manaphy
Clamperl,Persian,Persian
Fennekin,Espurr,Espurr
Mega Beedrill,Beheeyem,Mega Beedrill
Linoone,Azelf,Azelf
Rampardos,Bouffalant,Rampardos
Remoraid,Floette,Remoraid
Sharpedo,Sunkern,Sharpedo
Durant,Magmar,Durant
Mega Slowbro,Porygon-Z,Porygon-Z
Heatran,Mienshao,Mienshao
Tyrantrum,Klinklang,Klinklang
Beautifly,Remoraid,Remoraid
Munna,Furfrou,Furfrou
Lileep,Fearow,Fearow
Vileplume,Sigilyph,Sigilyph
Eelektross,Gengar,Gengar
Scrafty,Ekans,Scrafty
Forretress,Altaria,Altaria
Staraptor,Mankey,Staraptor
Munna,Gogoat,Gogoat
Gothitelle,Primal Kyogre,Primal Kyogre
Abra,Lumineon,Lumineon
Seedot,Ekans,Ekans
Watchog,Breloom,Watchog
Nosepass,Regice,Regice
Clawitzer,Drapion,Drapion
Toxicroak,Mega Sableye,Mega Sableye
Excadrill,Tyrogue,Excadrill
Murkrow,Heliolisk,Heliolisk
Quilladin,Ducklett,Quilladin
DeoxysAttack Forme,Flareon,DeoxysAttack Forme
Geodude,Pupitar,Pupitar
Starly,Emboar,Emboar
Landorus Therian Forme,Politoed,Landorus Therian Forme
Cubone,Kakuna,Kakuna
Carracosta,Krokorok,Krokorok
Snorunt,Dusclops,Snorunt
Nidorina,Bidoof,Nidorina
Gourgeist Average Size,Shuppet,Gourgeist Average Size
Pikachu,Charmeleon,Pikachu
Bastiodon,Mega Medicham,Mega Medicham
Bastiodon,Venonat,Venonat
Aromatisse,Ekans,Ekans
Torterra,Drapion,Drapion
Barbaracle,Treecko,Treecko
Zangoose,Porygon2,Zangoose
Landorus Incarnate Forme,Finneon,Landorus Incarnate Forme
Starmie,Volbeat,Starmie
Deoxys Speed Forme,Kadabra,Deoxys Speed Forme
Monferno,Scizor,Monferno
Mega Beedrill,Sigilyph,Mega Beedrill
Medicham,  Grotle  ,Medicham
Bastiodon,Weepinbell,Weepinbell
Tornadus Incarnate Forme,Kingdra,Tornadus Incarnate Forme
Gulpin,Drifblim,Drifblim
Liepard,Electabuzz,Liepard
Lanturn,Regigigas,Regigigas
Kingler,Cloyster,Kingler
Claydol,Leafeon,Leafeon
Mega Abomasnow,Serperior,Serperior
Prinplup,Swoobat,Swoobat
Mega Pidgeot,Hoopa Unbound,Mega Pidgeot
Binacle,Chatot,Chatot
Slurpuff,Greninja,Greninja
Milotic,Mantyke,Milotic
Hitmontop,Kricketot,Hitmontop
Clamperl,Gloom,Gloom
Mega Mawile,Eelektrik,Mega Mawile
Latias,Regice,Latias
Starmie,Forretress,Starmie
Glaceon,Latias,Latias
Mega Altaria,Tyrogue,Mega Altaria
Heat Rotom,Ferrothorn,Heat Rotom
Mewtwo,Gliscor,Mewtwo
Serperior,Mega Blastoise,Serperior
Dragonair,Sandslash,Dragonair
Mega Aggron,Manectric,Manectric
Deino,Binacle,Binacle
Starmie,Mandibuzz,Starmie
Diancie,Sneasel,Sneasel
Doublade,Budew,Doublade
Alakazam,Honedge,Honedge
Noibat,Kricketune,Kricketune
Mamoswine,Diancie,Mamoswine
Cofagrigus,Jynx,Jynx
Drowzee,Drifloon,Drifloon
Lopunny,Heliolisk,Heliolisk
Nincada,Butterfree,Butterfree
Lairon,Whismur,Lairon
Armaldo,Omanyte,Armaldo
Pidgeotto,Tangrowth,Pidgeotto
Mega Glalie,Oshawott,Mega Glalie
Vespiquen,Mega Charizard Y,Mega Charizard Y
Darmanitan Zen Mode,Machamp,Machamp
Axew,Nincada,Axew
Tangela,Stunfisk,Tangela
Shiftry,Sigilyph,Sigilyph
Tyrunt,Nidoqueen,Nidoqueen
Zygarde Half Forme,Cinccino,Cinccino
Volcarona,Wash Rotom,Volcarona
Swalot,Pachirisu,Pachirisu
Gulpin,Galvantula,Galvantula
DeoxysAttack Forme,Weavile,Weavile
Igglybuff,Altaria,Altaria
Simisage,Omanyte,Simisage
Swoobat,Sneasel,Sneasel
Druddigon,Mega Mewtwo Y,Mega Mewtwo Y
Nidoking,Axew,Nidoking
Slowpoke,Mega Aggron,Mega Aggron
Pyroar,Glameow,Pyroar
Ferroseed,Meloetta Aria Forme,Meloetta Aria Forme
Moltres,Claydol,Moltres
Darmanitan Standard Mode,Stunfisk,Darmanitan Standard Mode
Heliolisk,Sneasel,Sneasel
Pikachu,Ludicolo,Pikachu
Vullaby,Starly,Starly
Corphish,Exeggcute,Exeggcute
Vanillish,Fennekin,Fennekin
Beedrill,Mega Mawile,Beedrill
Staraptor,Bayleef,Staraptor
Smeargle,Helioptile,Smeargle
Togepi,Beldum,Beldum
Chikorita,Floatzel,Floatzel
Gothitelle,Litleo,Litleo
Arbok,Scyther,Scyther
Roselia,Mega Diancie,Mega Diancie
Diglett,Hitmonchan,Diglett
Rhydon,Glalie,Glalie
Victini,Gothitelle,Victini
Swirlix,Venonat,Swirlix
Clefable,Gible,Clefable
Drapion,Thundurus Therian Forme,Thundurus Therian Forme
Gyarados,Lucario,Lucario
Jirachi,Klang,Jirachi
Tauros,Banette,Banette
Serperior,Mega Venusaur,Serperior
Hoothoot,Jigglypuff,Hoothoot
Mareep,Fearow,Fearow
Wormadam Trash Cloak,Sunflora,Wormadam Trash Cloak
Wailord,Leafeon,Leafeon
Hippowdon,Minun,Hippowdon
Fletchling,Electrike,Electrike
Huntail,Cloyster,Cloyster
Wash Rotom,Beedrill,Wash Rotom
Bronzong,Skarmory,Skarmory
Zorua,Ninetales,Ninetales
Moltres,Chatot,Chatot
Linoone,Zoroark,Zoroark
Aegislash Blade Forme,Absol,Absol
Vullaby,Snubbull,Vullaby
Rayquaza,Mega Rayquaza,Mega Rayquaza
Mime Jr.,Golem,Golem
Bibarel,Fletchinder,Fletchinder
Clefairy,Machamp,Machamp
Unfezant,Chansey,Unfezant
Gulpin,Mega Tyranitar,Mega Tyranitar
Sentret,Eevee,Eevee
Cranidos,Cherrim,Cherrim
Pineco,Wartortle,Wartortle
Drifblim,Turtwig,Drifblim
Azurill,Venipede,Venipede
Flygon,Clefairy,Flygon
Mega Salamence,Cleffa,Cleffa
Xatu,Mega Steelix,Xatu
Munchlax,Tyrantrum,Tyrantrum
Tangrowth,Pelipper,Pelipper
Patrat,Boldore,Boldore
Shuppet,Zorua,Zorua
Pawniard,Mega Latios,Mega Latios
Simipour,Mega Beedrill,Mega Beedrill
Hawlucha,Walrein,Hawlucha
Vibrava,Mega Pidgeot,Mega Pidgeot
Elgyem,Seviper,Seviper
Bulbasaur,Kabutops,Kabutops
Mega Altaria,Munna,Mega Altaria
Vibrava,Pawniard,Vibrava
Butterfree,Kricketune,Butterfree
Claydol,Manectric,Manectric
Flaaffy,Chespin,Flaaffy
Mega Tyranitar,Meloetta Aria Forme,Meloetta Aria Forme
Talonflame,Cottonee,Talonflame
Zigzagoon,Volcarona,Volcarona
Magmortar,Mega Blastoise,Magmortar
Nidorina,Gorebyss,Nidorina
Dugtrio,Solrock,Dugtrio
Charmeleon,Wormadam Sandy Cloak,Charmeleon
Nidoking,Haxorus,Haxorus
Altaria,Pidgeot,Pidgeot
Hippowdon,Barboach,Barboach
Grimer,Jumpluff,Grimer
Spiritomb,Ampharos,Ampharos
Togekiss,Crobat,Crobat
Poliwrath,Hitmontop,Hitmontop
Fletchling,Gyarados,Gyarados
Snorlax,Excadrill,Excadrill
Emolga,Drilbur,Drilbur
Girafarig,Infernape,Infernape
Dodrio,Clefairy,Dodrio
Slaking,Beldum,Slaking
Ambipom,Stunky,Ambipom
Chinchou,Mega Absol,Mega Absol
Flabébé,Carracosta,Flabébé
Vaporeon,Spinda,Vaporeon
Geodude,Sandile,Sandile
Surskit,Tornadus Incarnate Forme,Tornadus Incarnate Forme
Swanna,Watchog,Swanna
Purugly,Krookodile,Purugly
Mega Blastoise,Kabutops,Kabutops
Cacturne,Braixen,Braixen
Kingdra,Fraxure,Kingdra
Whiscash,Shelmet,Whiscash
Gardevoir,Nidoran♂,Gardevoir
Cleffa,Togetic,Togetic
Espurr,Rhyperior,Rhyperior
Tangrowth,Ninjask,Ninjask
Staravia,Skiploom,Skiploom
Gliscor,Gible,Gliscor
Deoxys Speed Forme,Lilligant,Deoxys Speed Forme
Steelix,Combee,Combee
Meditite,Aipom,Aipom
Gourgeist Super Size,Carvanha,Carvanha
Probopass,Mega Venusaur,Probopass
Glaceon,Bagon,Glaceon
Porygon-Z,Swanna,Swanna
Roserade,Bellsprout,Roserade
Espeon,Ekans,Espeon
Abomasnow,Jumpluff,Jumpluff
Meditite,Taillow,Taillow
Steelix,Exeggcute,Exeggcute
Bronzor,Sudowoodo,Sudowoodo
Omastar,Lucario,Lucario
Vivillon,Pineco,Vivillon
Plusle,Relicanth,Plusle
Mandibuzz,Tangela,Mandibuzz
Pikachu,Omastar,Pikachu
Meditite,Luvdisc,Luvdisc
Mesprit,Venomoth,Venomoth
Dedenne,Pangoro,Dedenne
Braixen,Mega Gyarados,Mega Gyarados
Illumise,Pachirisu,Pachirisu
Banette,Landorus Incarnate Forme,Landorus Incarnate Forme
Gulpin,Sudowoodo,Gulpin
Dedenne,Phantump,Dedenne
Throh,Glameow,Throh
Carnivine,Hoppip,Hoppip
Cherrim,Absol,Cherrim
Manectric,Golurk,Golurk
Clefairy,Shedinja,Shedinja
Tauros,Gourgeist Large Size,Gourgeist Large Size
Rampardos,Bayleef,Bayleef
Quilladin,Gardevoir,Gardevoir
Flygon,Glaceon,Flygon
Nidoking,Emolga,Emolga
Dugtrio,Gorebyss,Dugtrio
Machop,Carbink,Carbink
Houndoom,Simisear,Simisear
Drilbur,Oddish,Drilbur
Meowth,Stunfisk,Stunfisk
Chingling,Gastrodon,Chingling
Sealeo,Mega Slowbro,Sealeo
Spheal,Riolu,Riolu
Timburr,Mienshao,Mienshao
Braviary,Blissey,Braviary
Growlithe,Zebstrika,Zebstrika
Mime Jr.,Quagsire,Quagsire
Voltorb,Beartic,Beartic
Mega Mewtwo Y,Tauros,Mega Mewtwo Y
Kingdra,Mega Alakazam,Mega Alakazam
Sentret,Shedinja,Shedinja
Octillery,Rayquaza,Rayquaza
Sandslash,Simisage,Simisage
Wash Rotom,Tentacool,Wash Rotom
Espeon,Doduo,Espeon
Magby,Wash Rotom,Wash Rotom
Tauros,Pachirisu,Tauros
Relicanth,Electrike,Electrike
Blissey,Pignite,Pignite
Dragonair,Sylveon,Sylveon
Durant,Spinda,Durant
DeoxysAttack Forme,Heatran,DeoxysAttack Forme
Garbodor,Jolteon,Jolteon
Woobat,Nincada,Woobat
Froslass,Mega Blaziken,Froslass
Mankey,Swirlix,Mankey
Onix,Skiddo,Onix
Ralts,Phantump,Ralts
Golem,Numel,Golem
Plusle,Herdier,Plusle
Shroomish,Deerling,Deerling
Mr. Mime,Bellsprout,Bellsprout
Vigoroth,Luxray,Vigoroth
Hoppip,Dragonite,Dragonite
Vibrava,Bibarel,Bibarel
Binacle,Voltorb,Voltorb
Archen,Torkoal,Archen
Mega Tyranitar,Garchomp,Garchomp
Cradily,Sudowoodo,Cradily
Psyduck,Lugia,Lugia
Oshawott,Ferroseed,Ferroseed
Lileep,Azurill,Lileep
Pidgey,Wormadam Trash Cloak,Pidgey
Fletchinder,Garchomp,Fletchinder
Amaura,Elekid,Elekid
Garchomp,Castform,Garchomp
Mareep,Chespin,Chespin
Braviary,Poliwrath,Braviary
Mega Ampharos,Porygon,Mega Ampharos
Pignite,Tornadus Therian Forme,Tornadus Therian Forme
Nuzleaf,Cubone,Nuzleaf
Mega Lopunny,Dwebble,Mega Lopunny
Deino,Stunky,Stunky
Wash Rotom,Bonsly,Wash Rotom
Foongus,Panpour,Foongus
Duosion,Mega Mewtwo Y,Mega Mewtwo Y
Kabutops,Scizor,Kabutops
Skuntank,Tangela,Skuntank
Volcanion,Fletchinder,Fletchinder
Jigglypuff,Porygon,Porygon
Chinchou,Altaria,Altaria
Drifblim,Snover,Drifblim
Parasect,Muk,Muk
Marshtomp,Kangaskhan,Kangaskhan
Darumaka,Mew,Mew
Seviper,Accelgor,Accelgor
Sentret,Luvdisc,Luvdisc
Lopunny,Kyogre,Lopunny
Shuckle,Tornadus Incarnate Forme,Tornadus Incarnate Forme
Mega Altaria,Espurr,Mega Altaria
Clauncher,Beautifly,Beautifly
Frost Rotom,Swinub,Frost Rotom
Pidgeot,Chikorita,Pidgeot
Vespiquen,Starmie,Starmie
Hypno,Kabutops,Kabutops
Hoopa Confined,Frogadier,Frogadier
Parasect,Serperior,Parasect
Kricketot,Paras,Paras
Giratina Altered Forme,Tyranitar,Giratina Altered Forme
Cherrim,Klang,Cherrim
Drifloon,Deino,Drifloon
Chandelure,Diancie,Chandelure
Azelf,Spinarak,Azelf
Articuno,Carbink,Articuno
Mega Gyarados,Tentacool,Mega Gyarados
Surskit,Tranquill,Tranquill
Nidoking,Buneary,Buneary
Litleo,Ekans,Litleo
Mega Diancie,Ninetales,Mega Diancie
Clefairy,Shellos,Clefairy
Jolteon,Barboach,Jolteon
Seedot,Ninjask,Ninjask
Kyurem White Kyurem,Blaziken,Kyurem White Kyurem
Cinccino,Mega Absol,Mega Absol
Golett,Mega Charizard Y,Mega Charizard Y
Roselia,Hitmonchan,Hitmonchan
Probopass,Spritzee,Probopass
Delphox,Solosis,Delphox
Porygon2,Kabutops,Kabutops
Floatzel,Zigzagoon,Floatzel
Slugma,Vivillon,Vivillon
Croconaw,Blissey,Croconaw
Gourgeist Average Size,Trevenant,Gourgeist Average Size
Rattata,Charmander,Rattata
Wormadam Trash Cloak,Mr. Mime,Wormadam Trash Cloak
Togekiss,Wynaut,Togekiss
Fennekin,Trevenant,Fennekin
Tympole,Oshawott,Tympole
Wormadam Trash Cloak,Loudred,Loudred
Groudon,Ferrothorn,Ferrothorn
Psyduck,Togekiss,Togekiss
Braviary,Amoonguss,Braviary
Zubat,Mega Gardevoir,Mega Gardevoir
Tynamo,Gligar,Gligar
Bastiodon,Monferno,Monferno
Azelf,Bidoof,Azelf
Patrat,Kyurem White Kyurem,Kyurem White Kyurem
Shaymin Sky Forme,Tangrowth,Shaymin Sky Forme
Lanturn,Shelmet,Lanturn
Barboach,Mega Mewtwo Y,Mega Mewtwo Y
Shiftry,Floatzel,Floatzel
Raticate,Ferroseed,Raticate
Galvantula,Carnivine,Galvantula
Archen,Mega Steelix,Archen
Lombre,Archen,Archen
Qwilfish,Klefki,Qwilfish
Wooper,Munna,Munna
Xatu,Surskit,Xatu
Yamask,Scrafty,Scrafty
Gloom,Mega Abomasnow,Gloom
Gurdurr,Tirtouga,Gurdurr
Druddigon,Mareep,Druddigon
Ducklett,Florges,Florges
Mareep,Bisharp,Bisharp
Crawdaunt,Parasect,Crawdaunt
Krokorok,Dustox,Krokorok
Zygarde Half Forme,Lickilicky,Zygarde Half Forme
Tropius,Flaaffy,Tropius
Bronzor,Stunfisk,Stunfisk
Pineco,Dwebble,Dwebble
Meowstic Female,Celebi,Meowstic Female
Durant,Loudred,Durant
Cofagrigus,Magmortar,Magmortar
Gabite,Meowstic Male,Meowstic Male
Phantump,Illumise,Illumise
Solrock,63,63
Metang,Vulpix,Vulpix
Mega Mawile,Zebstrika,Zebstrika
Garchomp,Slowpoke,Garchomp
Heat Rotom,Pignite,Heat Rotom
Lairon,Numel,Lairon
Xatu,Electabuzz,Electabuzz
Scyther,Pidove,Scyther
Furfrou,Palkia,Furfrou
Chatot,Wormadam Sandy Cloak,Chatot
Arceus,Ferrothorn,Arceus
Mega Sableye,Bergmite,Bergmite
Shelmet,Mega Aggron,Mega Aggron
Zebstrika,Lopunny,Zebstrika
Manaphy,Reshiram,Manaphy
Smeargle,Cofagrigus,Cofagrigus
Weavile,Azelf,Weavile
Noivern,Smeargle,Noivern
Doduo,Cacturne,Doduo
Weavile,Silcoon,Weavile
Stantler,Meowth,Meowth
Oddish,Mega Gardevoir,Mega Gardevoir
Whimsicott,Zubat,Whimsicott
Vigoroth,Mega Abomasnow,Vigoroth
Togetic,Sneasel,Sneasel
Archen,Sudowoodo,Archen
Onix,Koffing,Onix
Geodude,Sylveon,Sylveon
Tranquill,Herdier,Tranquill
Diggersby,Shaymin Sky Forme,Shaymin Sky Forme
Milotic,Mega Sableye,Mega Sableye
Roggenrola,Poochyena,Poochyena
Azurill,Chinchou,Chinchou
Mega Banette,Gastly,Gastly
Mega Gengar,Frillish,Mega Gengar
Metagross,Swalot,Metagross
Mightyena,Illumise,Illumise
Larvitar,Houndour,Houndour
Mega Pidgeot,Surskit,Mega Pidgeot
Wurmple,Drowzee,Drowzee
Croconaw,Chingling,Croconaw
Haunter,Walrein,Haunter
Tauros,Mega Diancie,Mega Diancie
Raticate,Elekid,Raticate
Flabébé,Giratina Origin Forme,Giratina Origin Forme
Heracross,Glaceon,Heracross
Pikachu,Doublade,Doublade
Loudred,Graveler,Loudred
Altaria,Furret,Furret
Sewaddle,Ekans,Ekans
Gligar,Audino,Gligar
Arceus,Gulpin,Arceus
Kakuna,Bergmite,Kakuna
Barboach,Mega Alakazam,Mega Alakazam
Axew,Helioptile,Helioptile
Escavalier,Darmanitan Zen Mode,Escavalier
Poliwhirl,Lunatone,Poliwhirl
Paras,Togepi,Paras
Pumpkaboo Large Size,Nidoqueen,Nidoqueen
Gigalith,Staraptor,Staraptor
Cubone,Mew,Mew
Sudowoodo,Hitmontop,Hitmontop
Golbat,Gogoat,Golbat
Carvanha,Octillery,Carvanha
Spoink,Kricketune,Kricketune
Snover,Meowth,Meowth
Quagsire,Shedinja,Shedinja
Solosis,Piloswine,Piloswine
Wurmple,Flareon,Flareon
Hydreigon,Flareon,Hydreigon
Darumaka,Kabutops,Kabutops
Swinub,Aipom,Aipom
Mesprit,Voltorb,Voltorb
Hitmonchan,Shellos,Hitmonchan
Gourgeist Large Size,Golurk,Gourgeist Large Size
Quagsire,Gorebyss,Gorebyss
Houndoom,Treecko,Houndoom
Mega Camerupt,Swadloon,Swadloon
Xatu,Ambipom,Ambipom
Litwick,Jolteon,Jolteon
Pachirisu,Venipede,Pachirisu
Delcatty,Darkrai,Darkrai
Phanpy,Natu,Natu
Groudon,Wormadam Trash Cloak,Groudon
Cradily,Golurk,Golurk
Mega Altaria,Manaphy,Manaphy
Lilligant,Feebas,Lilligant
Lucario,Weezing,Lucario
Paras,Regigigas,Regigigas
Oshawott,Darkrai,Darkrai
Yveltal,Pikachu,Yveltal
Watchog,Mandibuzz,Mandibuzz
Tauros,Swirlix,Tauros
Ledyba,Electrike,Electrike
Smoochum,Blissey,Smoochum
Spheal,Keldeo Ordinary Forme,Keldeo Ordinary Forme
Audino,Bronzong,Audino
Serperior,Lileep,Serperior
Dialga,Gogoat,Dialga
Uxie,Charmander,Uxie
Mega Aerodactyl,Espeon,Mega Aerodactyl
Cubone,Blissey,Blissey
Pyroar,Persian,Persian
Nidoqueen,Accelgor,Accelgor
Shuckle,Unfezant,Unfezant
Floette,Dialga,Dialga
Piloswine,Hippopotas,Piloswine
Sceptile,Jolteon,Jolteon
Mareep,Mega Rayquaza,Mega Rayquaza
Weavile,Carracosta,Weavile
Terrakion,Chespin,Terrakion
Vullaby,Jynx,Jynx
Porygon2,Tepig,Porygon2
Mega Abomasnow,Greninja,Mega Abomasnow
Slowbro,Glalie,Glalie
Victini,Lapras,Victini
Scrafty,Venonat,Scrafty
Growlithe,Huntail,Growlithe
Beedrill,Leavanny,Leavanny
Kirlia,Leavanny,Leavanny
Kabuto,Pawniard,Pawniard
Plusle,Mareep,Plusle
Wormadam Plant Cloak,Eelektrik,Eelektrik
Shieldon,Heliolisk,Heliolisk
Cresselia,Zygarde Half Forme,Zygarde Half Forme
Aron,Keldeo Resolute Forme,Keldeo Resolute Forme
Aron,Mantine,Mantine
Mega Metagross,Swellow,Swellow
Terrakion,Floatzel,Floatzel
Jumpluff,Simipour,Jumpluff
Volcarona,Thundurus Incarnate Forme,Thundurus Incarnate Forme
Torkoal,Simipour,Simipour
Octillery,Ampharos,Ampharos
Crobat,Hitmonlee,Crobat
Smeargle,Mega Gengar,Mega Gengar
Litwick,Chimecho,Chimecho
Zapdos,Trevenant,Zapdos
Wormadam Sandy Cloak,Huntail,Huntail
Patrat,Mega Swampert,Mega Swampert
Vaporeon,Ampharos,Vaporeon
Fraxure,Accelgor,Accelgor
Persian,Keldeo Ordinary Forme,Persian
Sentret,Mega Aerodactyl,Mega Aerodactyl
Monferno,Ledian,Ledian
Electrode,Porygon2,Electrode
Duosion,Nosepass,Nosepass
Deoxys Normal Forme,Dusknoir,Deoxys Normal Forme
Bidoof,Purrloin,Purrloin
Florges,Sawsbuck,Sawsbuck
Arceus,Sunflora,Arceus
Boldore,Mega Abomasnow,Mega Abomasnow
Banette,Mantine,Mantine
Espurr,Corphish,Espurr
Patrat,Lilligant,Lilligant
Kricketune,Herdier,Kricketune
Blitzle,Ponyta,Ponyta
Espeon,Machoke,Espeon
Kyurem,Heatran,Kyurem
Forretress,Diancie,Diancie
Kadabra,Gothorita,Kadabra
Cresselia,Marowak,Cresselia
Persian,Phione,Persian
Meloetta Aria Forme,Sunflora,Meloetta Aria Forme
Magcargo,Clauncher,Clauncher
Slaking,Dratini,Slaking
Frogadier,Caterpie,Frogadier
Luxio,63,63
Jirachi,Spewpa,Jirachi
Klinklang,Musharna,Klinklang
Deoxys Speed Forme,Mega Steelix,Mega Steelix
Sawk,Drowzee,Sawk
Mismagius,Wingull,Mismagius
Glalie,Xerneas,Xerneas
DeoxysAttack Forme,Qwilfish,DeoxysAttack Forme
Tangrowth,Bronzor,Tangrowth
Deoxys Speed Forme,Latias,Deoxys Speed Forme
Furret,Smoochum,Furret
Espeon,Meganium,Espeon
Slugma,Volcanion,Volcanion
Dewott,Jynx,Jynx
Mega Manectric,Stantler,Mega Manectric
Raticate,DeoxysAttack Forme,DeoxysAttack Forme
Jynx,Solosis,Jynx
Whiscash,Trevenant,Whiscash
Entei,Cacturne,Entei
Weedle,Simisage,Simisage
Gothitelle,Boldore,Gothitelle
Aegislash Blade Forme,Hoppip,Aegislash Blade Forme
Azelf,Hitmontop,Azelf
Amoonguss,Jynx,Jynx
Litwick,Cloyster,Cloyster
Typhlosion,Murkrow,Typhlosion
Lileep,Latios,Latios
Marill,Baltoy,Baltoy
Croagunk,Whirlipede,Croagunk
Darmanitan Zen Mode,Electabuzz,Electabuzz
Vigoroth,Mega Pinsir,Mega Pinsir
Tentacool,Espeon,Espeon
Mega Houndoom,Golett,Mega Houndoom
Reuniclus,Linoone,Linoone
Pelipper,Gothitelle,Gothitelle
Gible,Arceus,Arceus
Durant,Heatran,Durant
DeoxysAttack Forme,Starmie,DeoxysAttack Forme
Houndour,Noibat,Houndour
Pangoro,Walrein,Walrein
Watchog,Cyndaquil,Watchog
Mega Sableye,Absol,Absol
Noibat,Tauros,Tauros
Shroomish,Reuniclus,Shroomish
Tyrogue,Rapidash,Rapidash
Blitzle,Mega Banette,Blitzle
Tentacool,Mega Gengar,Mega Gengar
Teddiursa,Tyrunt,Tyrunt
Gogoat,Dragonite,Dragonite
Amaura,Ivysaur,Ivysaur
Mega Lopunny,Pancham,Mega Lopunny
Delphox,Shaymin Sky Forme,Shaymin Sky Forme
Slakoth,Hippowdon,Hippowdon
Ludicolo,Lileep,Ludicolo
Espurr,Mega Medicham,Mega Medicham
Ekans,Mega Garchomp,Mega Garchomp
Poliwhirl,Rotom,Rotom
Venomoth,Deoxys Defense Forme,Deoxys Defense Forme
Cottonee,Pyroar,Pyroar
Timburr,Forretress,Forretress
Drifblim,Meloetta Aria Forme,Meloetta Aria Forme
Noivern,Lunatone,Noivern
Porygon,Wormadam Trash Cloak,Porygon
Electrike,Carbink,Electrike
Cubone,Marshtomp,Marshtomp
Marowak,Froslass,Froslass
Steelix,63,63
Vivillon,Octillery,Vivillon
Scatterbug,Piplup,Piplup
Glalie,Vivillon,Vivillon
Slowbro,Aggron,Aggron
Roggenrola,Hydreigon,Hydreigon
Torchic,Emboar,Emboar
Vanilluxe,Snover,Vanilluxe
Carracosta,Samurott,Samurott
Mega Steelix,Shellos,Shellos
Spewpa,Bibarel,Bibarel
Drifloon,Karrablast,Drifloon
Ducklett,Kangaskhan,Kangaskhan
Vileplume,Piloswine,Piloswine
Lanturn,Nidorino,Lanturn
Spheal,Throh,Throh
Zekrom,Onix,Onix
Simisear,Bulbasaur,Simisear
Quilladin,Primal Groudon,Primal Groudon
Graveler,Aggron,Aggron
Medicham,Shinx,Medicham
Blitzle,Aegislash Blade Forme,Aegislash Blade Forme
Panpour,Accelgor,Accelgor
Gligar,Quagsire,Gligar
Roselia,Mega Blaziken,Mega Blaziken
Gliscor,Pidgeot,Pidgeot
Magmar,Pidgeot,Pidgeot
Munchlax,Rufflet,Munchlax
Ho-oh,Dedenne,Dedenne
Heliolisk,Crobat,Crobat
Murkrow,Mudkip,Murkrow
Octillery,Darmanitan Standard Mode,Darmanitan Standard Mode
Pansear,Gastly,Gastly
Panpour,Cyndaquil,Cyndaquil
Shiftry,Sawk,Sawk
Monferno,Parasect,Monferno
Magikarp,Victini,Victini
Gardevoir,Tornadus Therian Forme,Tornadus Therian Forme
Phanpy,Gardevoir,Gardevoir
Gulpin,Tornadus Therian Forme,Tornadus Therian Forme
Bidoof,Onix,Onix
Rhyhorn,Leavanny,Leavanny
Kabutops,Arbok,Arbok
Riolu,Salamence,Salamence
Azelf,Lickilicky,Azelf
Barbaracle,Avalugg,Barbaracle
Houndoom,Giratina Origin Forme,Houndoom
Koffing,Kirlia,Kirlia
Burmy,Eelektross,Eelektross
Mothim,Genesect,Genesect
Tyrunt,Spiritomb,Tyrunt
Mega Rayquaza,Entei,Mega Rayquaza
Grimer,Nincada,Nincada
Pidgey,Shinx,Pidgey
Pignite,Charmeleon,Charmeleon
Kadabra,Inkay,Inkay
Salamence,Aipom,Salamence
Mega Garchomp,Aerodactyl,Aerodactyl
Oddish,Regigigas,Regigigas
Machoke,Persian,Persian
Roggenrola,Trevenant,Trevenant
Paras,Basculin,Basculin
Azelf,Anorith,Azelf
Tropius,Magcargo,Tropius
Horsea,Larvitar,Horsea
Caterpie,Feraligatr,Feraligatr
Mega Manectric,Mandibuzz,Mega Manectric
Kyurem,Espeon,Espeon
Chingling,Leavanny,Leavanny
Growlithe,Bronzor,Growlithe
Espurr,Absol,Absol
Aromatisse,Shaymin Land Forme,Shaymin Land Forme
Durant,Torchic,Durant
Luxio,Stunfisk,Stunfisk
Cleffa,Dialga,Dialga
Thundurus Incarnate Forme,Nidoran♀,Thundurus Incarnate Forme
Pyroar,Bayleef,Pyroar
Bastiodon,Bronzong,Bronzong
Mega Pinsir,Tornadus Incarnate Forme,Tornadus Incarnate Forme
Ledyba,Klinklang,Klinklang
Minccino,Shedinja,Shedinja
Mega Medicham,Keldeo Ordinary Forme,Keldeo Ordinary Forme
  Grotle  ,Ambipom,Ambipom
Stunky,Shellos,Stunky
Jolteon,Zapdos,Jolteon
Illumise,Gallade,Illumise
Drifloon,Plusle,Plusle
Lanturn,Spinarak,Lanturn
Froslass,Pidgeotto,Froslass
Sawsbuck,Marshtomp,Sawsbuck
Mega Diancie,Glameow,Mega Diancie
Yanmega,Rhyperior,Rhyperior
Magmortar,Grumpig,Magmortar
Fletchling,Krabby,Fletchling
Pidgeot,Rattata,Pidgeot
Slowbro,Lugia,Lugia
Bergmite,Azumarill,Azumarill
Xatu,Miltank,Miltank
Klefki,Rattata,Klefki
Grimer,Dugtrio,Dugtrio
Vullaby,Snorunt,Vullaby
Gloom,Chingling,Chingling
Mega Manectric,Tepig,Mega Manectric
Hoppip,Palpitoad,Hoppip
Seviper,Swadloon,Seviper
Mega Audino,Espurr,Espurr
Electabuzz,Shedinja,Shedinja
Purrloin,Mienfoo,Purrloin
Tepig,Elekid,Elekid
Porygon2,  Farfetch'd  ,  Farfetch'd  
Minccino,Joltik,Minccino
Charizard,Piloswine,Charizard
Pineco,63,63
Zweilous,Kingdra,Kingdra
Muk,Tentacruel,Tentacruel
Anorith,Espurr,Anorith
Volbeat,Surskit,Volbeat
Huntail,Murkrow,Murkrow
Kadabra,Palkia,Kadabra
Marill,Spiritomb,Marill
Grimer,Jolteon,Jolteon
Wormadam Trash Cloak,Genesect,Genesect
Cradily,Yanma,Yanma
Blitzle,Patrat,Blitzle
Mega Heracross,Tangela,Mega Heracross
Rhydon,Bronzor,Rhydon
Furfrou,Torterra,Furfrou
Woobat,Darkrai,Darkrai
Palpitoad,Klang,Palpitoad
Mega Rayquaza,Cleffa,Cleffa
Quilladin,Octillery,Quilladin
Swirlix,Mantine,Mantine
Jirachi,Mandibuzz,Jirachi
Latias,Clauncher,Latias
Pidove,Aerodactyl,Aerodactyl
Lickilicky,Lanturn,Lanturn
Cloyster,Raichu,Raichu
Chikorita,Mega Gardevoir,Mega Gardevoir
Diggersby,Jirachi,Jirachi
Koffing,Snubbull,Koffing
Infernape,Persian,Persian
Relicanth,Medicham,Medicham
Lillipup,Walrein,Walrein
Scizor,Hoopa Confined,Hoopa Confined
Hoopa Unbound,  Farfetch'd  ,Hoopa Unbound
Dodrio,Mega Diancie,Mega Diancie
Mr. Mime,Chinchou,Mr. Mime
Rapidash,Flaaffy,Rapidash
Corsola,Kabutops,Kabutops
Mega Alakazam,Bouffalant,Bouffalant
Smoochum,Shellder,Smoochum
Munna,Trevenant,Trevenant
Ekans,Gastrodon,Ekans
Mega Steelix,Luxray,Luxray
Snubbull,Gastrodon,Gastrodon
Venomoth,Elekid,Elekid
Vaporeon,Beheeyem,Vaporeon
Whismur,Swalot,Swalot
Ambipom,Klink,Ambipom
Giratina Origin Forme,Steelix,Giratina Origin Forme
Beartic,Eelektrik,Beartic
Armaldo,Celebi,Celebi
Gengar,Natu,Gengar
Helioptile,Combee,Combee
Wingull,Qwilfish,Qwilfish
Klefki,Whiscash,Klefki
Psyduck,Kakuna,Psyduck
Gengar,Gabite,Gengar
Mandibuzz,Milotic,Milotic
Electrode,Mega Banette,Mega Banette
Arbok,Corsola,Arbok
Celebi,Carbink,Celebi
Pidgeotto,Cobalion,Cobalion
Golem,Blitzle,Blitzle
Charmeleon,Steelix,Charmeleon
Pumpkaboo Super Size,Furret,Furret
Magmar,Surskit,Magmar
Squirtle,Trubbish,Trubbish
Swirlix,Simisear,Simisear
Combee,Gothita,Combee
Togepi,Delibird,Delibird
Dwebble,Frillish,Dwebble
Tentacruel,Lombre,Tentacruel
Nidoran♂,Bronzor,Bronzor
Mightyena,Masquerain,Mightyena
Cobalion,Mega Scizor,Cobalion
Clawitzer,Kyurem Black Kyurem,Kyurem Black Kyurem
Bastiodon,Whismur,Bastiodon
Beldum,Chingling,Chingling
Blaziken,Caterpie,Blaziken
Xatu,Swalot,Xatu
Pumpkaboo Average Size,Mega Steelix,Pumpkaboo Average Size
Voltorb,Gligar,Gligar
Luxio,Electrode,Electrode
Carbink,Koffing,Carbink
Wailmer,Woobat,Woobat
Thundurus Therian Forme,Gible,Thundurus Therian Forme
Mega Alakazam,Scizor,Scizor
Zweilous,Pikachu,Pikachu
Fan Rotom,Ralts,Fan Rotom
Metapod,Carbink,Carbink
Shroomish,Bagon,Bagon
Victini,Chimchar,Victini
Lugia,Cacturne,Lugia
Spheal,Phione,Phione
Uxie,Metagross,Uxie
Lillipup,Zubat,Zubat
Wash Rotom,Mega Ampharos,Wash Rotom
Ponyta,Venipede,Ponyta
Pansear,Panpour,Panpour
Raticate,Elekid,Raticate
Granbull,Latios,Granbull
Phione,Krookodile,Krookodile
Tentacruel,Seismitoad,Tentacruel
Hippopotas,Zweilous,Zweilous
Mega Slowbro,Mega Abomasnow,Mega Abomasnow
Mega Swampert,Swablu,Swablu
Treecko,Slowking,Treecko
Parasect,Excadrill,Excadrill
Staryu,Yanma,Yanma
Combusken,Sableye,Sableye
Empoleon,Vibrava,Vibrava
Yveltal,Metang,Yveltal
Seedot,Slowking,Slowking
Spearow,Meloetta Pirouette Forme,Meloetta Pirouette Forme
Floette,Whiscash,Whiscash
Walrein,Slakoth,Walrein
Venomoth,Bastiodon,Bastiodon
Pidgeotto,Darumaka,Pidgeotto
Sunflora,Bouffalant,Bouffalant
Shelmet,Roggenrola,Shelmet
Cacturne,Lickilicky,Cacturne
Krookodile,Raichu,Raichu
Latias,Pignite,Latias
Volcarona,Groudon,Volcarona
Exeggutor,Zebstrika,Zebstrika
Entei,Yveltal,Entei
Shuckle,Muk,Muk
Palkia,Magcargo,Palkia
Kricketot,Mega Gallade,Mega Gallade
Meowth,Mega Mewtwo Y,Mega Mewtwo Y
Slaking,Registeel,Slaking
Swoobat,Vulpix,Swoobat
Sigilyph,Haunter,Sigilyph
Cradily,Talonflame,Talonflame
Magby,Kadabra,Kadabra
Mandibuzz,Bibarel,Mandibuzz
Magikarp,Spearow,Magikarp
Poliwhirl,Bayleef,Poliwhirl
Mega Mewtwo X,Froslass,Froslass
Gourgeist Average Size,Darmanitan Zen Mode,Gourgeist Average Size
Lileep,Pachirisu,Pachirisu
Drowzee,Luxio,Luxio
Regirock,Malamar,Malamar
Butterfree,Mandibuzz,Mandibuzz
Vanillite,Crobat,Crobat
Tirtouga,Klinklang,Klinklang
Watchog,Goomy,Watchog
Snover,Ludicolo,Ludicolo
Spinda,Giratina Origin Forme,Giratina Origin Forme
Milotic,Archeops,Archeops
Pachirisu,Skiploom,Pachirisu
Primal Kyogre,Boldore,Primal Kyogre
Croconaw,Braviary,Braviary
Corphish,Porygon,Porygon
Latios,Turtwig,Latios
Drilbur,Bronzor,Drilbur
Cobalion,Darmanitan Zen Mode,Cobalion
Mega Charizard X,Staravia,Mega Charizard X
Dragonite,Monferno,Monferno
Tornadus Therian Forme,Larvitar,Tornadus Therian Forme
Fraxure,Deoxys Defense Forme,Deoxys Defense Forme
Jigglypuff,Wormadam Sandy Cloak,Wormadam Sandy Cloak
Excadrill,Bayleef,Excadrill
Swellow,Nidorino,Swellow
Shiftry,Swanna,Swanna
Rhyhorn,Haxorus,Haxorus
Sharpedo,Salamence,Salamence
Feraligatr,Qwilfish,Qwilfish
Deerling,Barbaracle,Deerling
Electivire,Seadra,Electivire
Lampent,Gligar,Gligar
Noctowl,Diglett,Diglett
Grimer,Audino,Audino
Carracosta,Klinklang,Carracosta
Stoutland,Dewgong,Stoutland
Nidoqueen,Larvesta,Nidoqueen
Hypno,Shelgon,Hypno
Mega Aggron,Vanillite,Mega Aggron
Mega Kangaskhan,Skiddo,Mega Kangaskhan
Floatzel,Mega Lopunny,Mega Lopunny
Regirock,Sigilyph,Sigilyph
Pumpkaboo Large Size,Lucario,Pumpkaboo Large Size
Shellos,Charmander,Charmander
Mawile,Skarmory,Skarmory
Blaziken,Blissey,Blaziken
Diggersby,Sentret,Diggersby
Machamp,Onix,Machamp
Slugma,Grimer,Grimer
Lillipup,Charizard,Charizard
  Farfetch'd  ,Lickitung,  Farfetch'd  
Skiploom,Sceptile,Sceptile
Gastrodon,Beedrill,Beedrill
Nidoran♂,Castform,Castform
Gorebyss,Carvanha,Carvanha
Archen,Klink,Archen
Grovyle,Walrein,Grovyle
Unown,Raichu,Raichu
Plusle,Drifblim,Plusle
Toxicroak,Poochyena,Toxicroak
Celebi,Mega Blaziken,Mega Blaziken
Deino,Aerodactyl,Aerodactyl
Frogadier,Tepig,Frogadier
Yamask,Chinchou,Chinchou
Raticate,Dodrio,Dodrio
Pumpkaboo Average Size,Spritzee,Pumpkaboo Average Size
Vanillite,Shuppet,Shuppet
Masquerain,Sewaddle,Masquerain
Munchlax,Dragalge,Munchlax
Slakoth,Drapion,Drapion
Latias,Salamence,Latias
Seedot,Wooper,Seedot
Spewpa,Empoleon,Empoleon
Nidoking,Keldeo Resolute Forme,Keldeo Resolute Forme
Charizard,Mega Sableye,Charizard
Raikou,Meowth,Raikou
Barboach,Rayquaza,Rayquaza
Machoke,Absol,Absol
Growlithe,Primal Groudon,Primal Groudon
Mankey,Seadra,Seadra
Elekid,Cloyster,Elekid
Dugtrio,Tirtouga,Tirtouga
Bellossom,Gloom,Bellossom
Tranquill,Vespiquen,Tranquill
Croagunk,Mega Lucario,Mega Lucario
Eelektross,  Farfetch'd  ,  Farfetch'd  
Exeggutor,Pyroar,Pyroar
Shuppet,Garchomp,Garchomp
Spritzee,Swoobat,Swoobat
Magnemite,Electrode,Electrode
Electrike,Pachirisu,Pachirisu
Goodra,Frogadier,Frogadier
Mothim,Archen,Archen
Mega Beedrill,Gloom,Mega Beedrill
Politoed,Delcatty,Delcatty
Dragonite,Pidgeot,Pidgeot
Porygon,Scyther,Scyther
Sharpedo,Phanpy,Sharpedo
Tyrantrum,Nidorino,Tyrantrum
Yanmega,Flabébé,Yanmega
Numel,Umbreon,Umbreon
Seedot,Smeargle,Smeargle
Aggron,Mega Manectric,Mega Manectric
Luxio,Weezing,Weezing
Shellos,Wailmer,Wailmer
Gurdurr,Minccino,Gurdurr
Luxray,Ivysaur,Luxray
Charmeleon,Shiftry,Shiftry
Mega Blastoise,Ducklett,Mega Blastoise
Leavanny,Gogoat,Leavanny
Liepard,Smoochum,Liepard
Rhydon,Garbodor,Rhydon
Infernape,Grumpig,Infernape
Remoraid,Golurk,Golurk
Aron,Graveler,Graveler
Gardevoir,Samurott,Gardevoir
Gligar,Eelektrik,Gligar
Phione,Glameow,Glameow
Manectric,Unown,Manectric
Gogoat,Toxicroak,Toxicroak
Medicham,Scatterbug,Medicham
Espeon,Gigalith,Gigalith
Parasect,Throh,Throh
Hitmontop,Grimer,Hitmontop
Glalie,Electrode,Electrode
Toxicroak,Yveltal,Yveltal
Koffing,Vivillon,Vivillon
Clefairy,Tentacruel,Tentacruel
Slaking,Mr. Mime,Slaking
Rotom,Staryu,Staryu
Lombre,Celebi,Celebi
Roserade,Altaria,Roserade
Wurmple,Tyrunt,Tyrunt
Monferno,Noibat,Monferno
Beldum,Doduo,Doduo
Liepard,Marowak,Liepard
Pumpkaboo Average Size,Whiscash,Whiscash
Mewtwo,Lillipup,Mewtwo
Golurk,Mega Pidgeot,Mega Pidgeot
Scyther,Herdier,Scyther
Golem,Budew,Budew
Pansear,Stoutland,Stoutland
Hitmontop,Exeggcute,Hitmontop
Torterra,Lanturn,Lanturn
Spinda,Kakuna,Spinda
Gourgeist Small Size,Chandelure,Gourgeist Small Size
Lairon,Shinx,Shinx
Parasect,Bisharp,Bisharp
Meganium,Piloswine,Meganium
Gourgeist Average Size,Diancie,Gourgeist Average Size
Darkrai,Marill,Darkrai
Swablu,Flygon,Flygon
Arceus,Genesect,Arceus
Sewaddle,Absol,Absol
DeoxysAttack Forme,Golett,Golett
Snorlax,Mega Blastoise,Mega Blastoise
Forretress,Floatzel,Floatzel
Bibarel,Vanillite,Bibarel
Zubat,Geodude,Zubat
Regice,Gallade,Gallade
Dragalge,Gourgeist Average Size,Gourgeist Average Size
Pansage,Mega Steelix,Mega Steelix
Ledyba,Purrloin,Purrloin
Hydreigon,Vespiquen,Hydreigon
Zangoose,Charizard,Charizard
Victini,Nidoqueen,Victini
Altaria,Mega Salamence,Mega Salamence
Palpitoad,Froakie,Froakie
Duskull,Beldum,Beldum
Azelf,Dusclops,Azelf
Spinda,Milotic,Milotic
Gourgeist Average Size,Geodude,Gourgeist Average Size
Heracross,Raticate,Raticate
Vanillite,Rattata,Rattata
Lickitung,Pangoro,Pangoro
Omanyte,Fearow,Fearow
Pansage,Mow Rotom,Mow Rotom
Darumaka,Thundurus Therian Forme,Thundurus Therian Forme
Rhyperior,Litleo,Rhyperior
Mega Scizor,Burmy,Mega Scizor
Cascoon,Sudowoodo,Sudowoodo
Togepi,Castform,Castform
Zebstrika,Fletchling,Zebstrika
Druddigon,Swalot,Swalot
Illumise,Dewott,Illumise
Oddish,Mega Houndoom,Mega Houndoom
Zygarde Half Forme,Sneasel,Sneasel
Fraxure,Lickilicky,Fraxure
Togepi,Swirlix,Swirlix
Solosis,Jigglypuff,Jigglypuff
Sunflora,Aggron,Aggron
Treecko,Nidorino,Treecko
Furret,Pangoro,Furret
Regigigas,Natu,Regigigas
Wartortle,Tentacruel,Tentacruel
Mega Blaziken,Mega Pidgeot,Mega Pidgeot
Mega Camerupt,Cofagrigus,Cofagrigus
Entei,Heatmor,Entei
Magcargo,Shroomish,Shroomish
Tropius,Elgyem,Tropius
Tympole,Mienshao,Mienshao
Pignite,Rapidash,Rapidash
Nidoqueen,Houndoom,Houndoom
Magnemite,Joltik,Joltik
Whimsicott,Shellder,Whimsicott
Krabby,Mega Aerodactyl,Mega Aerodactyl
Shiftry,Stantler,Stantler
Mega Camerupt,Mamoswine,Mamoswine
Vanillish,Drifblim,Drifblim
Aron,Dwebble,Dwebble
Snubbull,Primal Kyogre,Primal Kyogre
Espurr,Sealeo,Espurr
Jynx,Mightyena,Jynx
Pikachu,Mega Rayquaza,Mega Rayquaza
Butterfree,Beldum,Butterfree
Swadloon,Cacturne,Cacturne
Mega Altaria,Burmy,Mega Altaria
Keldeo Resolute Forme,Kecleon,Keldeo Resolute Forme
Azumarill,Jigglypuff,Azumarill
Chatot,Aegislash Shield Forme,Chatot
Simisear,Happiny,Simisear
Milotic,Spinda,Milotic
Jirachi,Numel,Jirachi
Anorith,Gorebyss,Anorith
Celebi,Larvesta,Celebi
Nidoqueen,Sewaddle,Nidoqueen
Terrakion,Swellow,Swellow
Aromatisse,Mega Aggron,Mega Aggron
Arceus,Zoroark,Arceus
Carvanha,Luxio,Carvanha
Skorupi,Bronzor,Bronzor
Fraxure,Gabite,Gabite
Mega Charizard X,Octillery,Mega Charizard X
Herdier,Combee,Combee
Patrat,Wailord,Wailord
Basculin,Houndoom,Basculin
Dwebble,Mega Banette,Mega Banette
Reshiram,Gothorita,Reshiram
Nidoran♂,Mega Banette,Mega Banette
Mega Manectric,Marowak,Marowak
Emboar,Luvdisc,Luvdisc
Heracross,Pidove,Heracross
Mankey,Hippopotas,Mankey
Mareep,Munna,Mareep
Kangaskhan,Mega Abomasnow,Kangaskhan
Hippopotas,Jolteon,Hippopotas
Mawile,Totodile,Mawile
Omastar,Shelmet,Omastar
Zoroark,Simipour,Zoroark
Snubbull,Paras,Snubbull
Archeops,Garbodor,Archeops
Machop,Gyarados,Gyarados
Clamperl,Snorunt,Snorunt
Donphan,Whiscash,Whiscash
Virizion,Scatterbug,Virizion
Druddigon,Sunkern,Druddigon
Clawitzer,Meowstic Female,Meowstic Female
Bellsprout,Baltoy,Baltoy
Sunflora,Amaura,Amaura
Mudkip,Growlithe,Growlithe
Tranquill,Gothorita,Tranquill
Pawniard,Ferroseed,Pawniard
Entei,Butterfree,Entei
Beautifly,Sawsbuck,Sawsbuck
Combee,Carracosta,Carracosta
Hippowdon,Bronzor,Hippowdon
Cloyster,Bronzong,Cloyster
Mega Pidgeot,Lanturn,Mega Pidgeot
Mega Salamence,Pupitar,Mega Salamence
Mega Kangaskhan,Wobbuffet,Mega Kangaskhan
Tepig,Yanmega,Yanmega
Milotic,Crobat,Crobat
Azumarill,Ivysaur,Ivysaur
Chandelure,Basculin,Basculin
Herdier,Porygon-Z,Porygon-Z
Oshawott,Vanilluxe,Vanilluxe
Skiploom,Azurill,Skiploom
Girafarig,Victini,Victini
Registeel,Venipede,Venipede
Deino,Kyurem Black Kyurem,Kyurem Black Kyurem
Chespin,Hitmontop,Hitmontop
Litleo,Mega Aerodactyl,Mega Aerodactyl
Volcarona,Slaking,Slaking
Solosis,Carracosta,Carracosta
Vulpix,Beautifly,Beautifly
Nidoqueen,Gastly,Gastly
Seedot,Barboach,Barboach
Moltres,Darmanitan Zen Mode,Moltres
Feraligatr,Cinccino,Cinccino
Pupitar,Skorupi,Skorupi
Palkia,Sharpedo,Palkia
Mega Pidgeot,Vivillon,Mega Pidgeot
Deoxys Normal Forme,Abra,Deoxys Normal Forme
Haxorus,Noibat,Haxorus
Smeargle,Phantump,Phantump
Aron,Pelipper,Pelipper
Rayquaza,Lunatone,Rayquaza
Staryu,Meowstic Female,Meowstic Female
Miltank,Haunter,Haunter
Tirtouga,Mega Aerodactyl,Mega Aerodactyl
